bgc,nams,aa,dataset,taxon,class,acc
BGC0000021,BGC0000021|c1|18667-19452|+|AEP40919.1|O-methyltransferase|AEP40919.1,MTTGQSLSPAEFTLPDGRVIFCTNERNAELIWHEMSTSVYLREQEKLPDDATIIDVGAHFGLFSLHTASGLANARVLACEPASATFDCLYRNFAAHLPGGTALRTAVADRSGTVELTYYPANETIATIEVDEEDDQRNISAVFANVGADPAQSEAYCSELRRAAERYPVPVTTIAQLFADHDLDTVDLLKIDVERAELAVLRGIGEANWPRIRTVSVEVHDLDGRLNEVVSLLSAKGYRTEQLQQDLYKGSSVHIVRAHRP,mibig,Nocardiopsis sp. FU 40 ,Polyketide:unknown,AEP40919.1
BGC0000026,BGC0000026|c1|28925-29644|+|AAK83186.1|putative_methyltransferase|AAK83186.1,MPVPQLNDWYDQLTVEIIERVCAPDSGCLDIGAGGGEILTHMRRAAPRGRHFAVEPLPQYAEQLRRDFPEVTVWQAAAAATPGRDSFVHVVSNPGYSGLRRRPYDRADETLEEIAVDTVRLDDVVPEDARVDLVKVDVEGGEVGALRGAAELLRRQSPVVVFEHGGDHAMRDYGTTSDDLWALLVDDLGYTLYTLPGWLAAEPGLDRAALAAELRTQWYFVADRGPLSARSPRGEVHST,mibig,Streptomyces viridochromogenes Tue57 ,Saccharide:unknown,AAK83186.1
BGC0000147,BGC0000147|c1|10080-12671|-|AAK19884.1|putative_methoxymalonyl-CoA_synthase|AAK19884.1,MTTALHETNGSPQPNSLQISEPLRLALVAEGSSAELTASMDGLTRTLAAAPGSDVVIRVQTPGARPASHRGTLLLDAATKTVVARETAAGAMTPPAVAFLLPGLGDHYLGMARDLYNALPIFREQVDRCAALLTPELGVDIRTVMHAKARASAAAPGAELDLRRMLGRRGEGPSEEERRLNQARHAQPALFVVEYALAEQWRAWGVLPDVMLGYSLGEYVAACLAGVLSLEDSLALVARRAELIESLPAGAMLAVMLSEEELTPQLGAHLSVSAVNGPDFCVVAGPVEEVQRLEARLLDRRVTLRRVQSSHAFHSRMMEPIAERVTRIVAGFTRRPPRTPYVSNVTGALITAAEATDPAYWAIHLCRPVRFADGLRALGSEVLLEVGPGQTLSSLATLARKGAGAPSSGGSSTPARTIVASMRHAYESESDVSVLLKAVGRLWLSGAAIEGEQPATSAEPAAPADAEAGRGSMAPVVEEISPPAEPEAPLTDTEREVAALWQTLLRCEPPTRDANFFRLGGNSLLATRLIDRVSRSLRVKLPLRRVYQTSTLADMAAAIDGLRGAGARPGAATQGRAAPVTTSAPTAAARPAAAAPDAPRAPLFRLPNGLSVAHQNEAETRHFYDDIFAHRSYVKHGIRIRDGACVLDVGGNIGLFTLFAHTEAKDVRVFTFEPAPPLFEILSRNVALHGVRATLFNLGLSDRERDAPFTFYPRSAGMSSFYPDEAEERHNLKAIMDNQRRGGAAEVAQMDGYTEELLDVRFEAVTFTAKLRRLSDVLREQRIERVDLMKIDVQKCELEVIEGIDDADWPKFSQIVLEAHDADGRVAKLSSLFERHGFKVIAEQDELYVGTNIRNIYALREGV,mibig,Sorangium cellulosum ,Polyketide:unknown,AAK19884.1
BGC0000222,BGC0000222|c1|32359-33168|+|BAJ52700.1|putative_methyltransferase|BAJ52700.1,MTGPAKAPADRTYEVTLPDTRRIVSPEPHQVAVLWRDVTGNELYARGADGLAAGDVVFDVGANIGLAALFFTGLVPGLRVYAFEPAEDCFACLKENAARHAPGVTPVQAAVGAREGTAELTYYPQSPAQSSLFPDEDEDRRNSLAYLANSGIHGDSARAFLAEMHQGRRCPVRVTTVAAAVEEHAVDEIALLKIDVERAEQHVLDGIGDACWPRIRRVVAEVHDTDGRLDAITGQLTRRGFDVETGQEPLLAGTDVHMLLAVRSAVRSR,mibig,Streptomyces sp. TA-0256 ,Polyketide:unknown,BAJ52700.1
BGC0000287,BGC0000287|c1|611-6985|-|PA2302|AmbE|AAG05690.1,MSASEDLQSAVQPAASEALEGFPLSPLQTRAWRRHAERPENTVVGVRLHAPADPVATLERLRRALDGEAQLRVAYRTMPGMSLPVQVLDGRAADLLVERLPGDGDWAGRFARESARLAASPLGGEGQPVLALGLLLDAAGETLQGLLLAAPAFVVDAASLVALLRRGLGPAGQASADEGDEALLFQHFSEWANEALAGEDGESASGYWREQAAVAAESPLALADDLGEGEWTARRLLPRALLERLAANGLPEAAALLAWTQVAGQFQGDEGLPLEMARLVSGRLFNEFAELAGPFAGVAPLCLENVRAGSVGERLDALQAAILAQEEAAALRDPFAPDWPLAELGFAWLAGELDGAGVAELDCRQPPLGGFLELQVLPHGEGRLASLRVRRDHDGTLAGRLLDAWVECLESIAADRQLPLAGLPLIGAAERERYQAWQGERVEPAPVESLVAAFDLRAALQPQAPALLDAHGSLDFATLRARSEAVAEALLAAGVRPGQAVAVMTGRNREAIVALLGVMRAAAVYTPVNPEFPAARVERMREAGGIVFALADAECAGRAREAFAGACLDLSTLPLAGSGMSLPAPGGRDAAYMIFTSGTSGQPKGVVVEHASALNLSQALARTVYANVVGEGLRVTVNAPFSFDSSIKQILQLLSGHCLVLVPQEVRSDPQRMLGFLEERRIDVLDCTPSLFRLLLQAGLDDAHPALPGRILVGGERFDEASWEVAAGWRRCQVFNLYGPTEATVNASLARVAEHARPTIGRALANVDLHVVDGLGRRKTRGASGELWIGGAGVARGYAGDAGEAAGRFVEEGWPGSGRLYRSGDLVRWRADGCLEFLGRIDEQVKINGYRIELGEIRSALLEHPAVGEAAVLTDEADAAEPGADRRIVAFVTAAEETADESWLEVDLPSGHRVAGLNLNETEYVYQEIFVDEVYSRDGIVLPPDAVVLDVGANIGLFSLYIASRAPRARVVAFEPLAPIRRRLEANLGRYAPQVEVFGIGLSDAEREETFTYYPGYSTFSGIAEYADASGERDVIRRYLSNQGEEGGANLLLDNIDEILDDRLRAEAHRCRLRRLDQVIGELGLERIDLLKIDVQRAEMDVLLGLDDAALAKVRQIVLEVHDKRDGATAGRADALSDLLRRHGFEVSIRQDALLEGTDRYNCYAVRPGYAESLAERIDWRALAPRPAAALGGELSEQALRGFLEARLPAYMLPSRIARVERLPLTAEGKLDRRALLAALAAEAAAQTLEAPANATEAALLEIWKSVLKRPAIGVSDNFFQVGGDSIRLIQMQVMAREAGLAFTLRDVFNHQSIRELARLLAAPASPADALGTSAPQSLEPFALLSAAERKRLPEGLDDAYPMTSLQQGMLLQSEASGDPRLLHNVVLHEVHGRLDGELLARAWAILIGRHAILRTGFDLHGGQVPLQWVHPATAVAAEVPVHDLCGLDGETRRLRLRAWIEEEQATPFDWSRPPLVRLAALALDERRFALGVAEHHSVLDGWSLQSLVDELLAVYADLLAGVVAREAEAPAVGFRDYVALEREAEANAASALFWLDYLAGARYRPLPGLAEEGPRRMAAVRVDVPADSLSRLRALAERSGLPLRSLLLAAHGRALCRFSDADEVVTGFVSHGRPEEPGADRLLGLFLNTLPCRLSASVDLLDSARRAFDYERASLEHRRHPLAAIRRRNRELRLDSLFNFVDFHQDDAAPAGVRHGGILDQVVVDVDVPLAVDFEVAGERLEVGFQYAAGRFPAERAEALAGAYREALLALLGDPVQPPAAAQAEDSVELRRVLKVLSRVLGRPLAADQGFASAGGHSLLGVQAIAELRRLTGRQLSLGLLQGDPDAREVVRRCHAADAPPLPPATERARALWLQRSGSAQPRLRLIALPPAGGNAGTFRGWDARLPADVELLAIQYPGRQERQDEPFVTDVEAMLCAIDDALLPLLDRPFALIGASLGGMLAYELAARLESLHGLRARQLFVISSRAPGPDLEYPRFHAMGDAELLRTLREYDVLPLEVLDDPELREISLATLRADSRLAADYRYRPREPLAIPITAILGEQDPGVSRVAIDGWRRHASRYELETLAGGHGLVVTAAEEVCAILRQRLAPDVPGGVPANLAT,mibig,Pseudomonas aeruginosa PAO1 ,NRP:unknown,PA2302
BGC0000288,BGC0000288|c1|32001-32738|+|BAJ19055.1|putative_methyltransferase|BAJ19055.1,MTRPAPRDVQDLPPRTENLMTSEERRRLLLQDIDVVIDGGANGGQYAKWMRQCGFRGEIFSFEPASETFGVLAEAARSDDGWHCHNVALGPQDGEVMLHLTRTSLGSSVFRRTELHSRVWPKDVAAGTELVSMRSLRSLWHELGCDGRRVYLKLDVEGAELSVLEGAGPVLDRIALLEVELSLVAMHHDAPTFREVVNFLSAQGFSAVALEQNHSGDDTTGQMLMIDGIFRAPGAGLHGDRPGPR,mibig,Streptomyces sp. SANK 62799 ,NRP:unknown,BAJ19055.1
BGC0000291,BGC0000291|c1|96241-97029|+|AAZ23082.1|possible_O-methyltransferase|AAZ23082.1,MTIALADVEGLNQHETEFLYDEIFTRRAYLPEALHLPEAPVVFDVGANIGMFTLFVRSERPGATVHSFEPVPPVRDILCRNRERHAVAGLVHPYGLAEAEQEVEFTHYPGYSTMSTRSTLADTEAERAFVRGQVRTADLPEAERMLDELLAFRFREEKVTCRLRPLSAVLDEHPVDRIDLLKIDVQRGEREVLRGLEDRHWPLVRQIAMEVHDSPGGSTAGRLRAVADELERRGFDVLTEQEDRYAGTDRHSVFAVAEPRRG,mibig,Streptomyces fradiae ,NRP:unknown,AAZ23082.1
BGC0000331,BGC0000331|c1|2349-12782|+|ABI26077.1|OciA|ABI26077.1,MPTMPDLANQKIAITATFTSEPVEDSLSYWLKAMGFPDSIEFAQYNQIFQELLNPSSLLATNQNGVNVVLVRFEDWQGTKNRLQLTVDDSLKTQLFGQRLRYRLPNHIEIAHLNQYETEYLYQEIFVDRVYLRHGIVLNEDDCIIDVGANIGLFTLFAQQKSPKGTIYAFEPAPHAFDKLQINAKLYCPNTHLFNCGLGGERREETFTFYPRSSVFSSFAADAEQDEKAIRSVIINMLQRDHSLDEESLEKLADEFIKDRLKEETYQVQLRTLSEIIEEYKIKKIDLLKLDAEKSELAILQGINNHHWSLIKQIVMEVHDQEGSTLKQVLRLLEDKGFRFVVDEESMLHGSGLFNIYATRLNLNHNPLSQEWGQNLAQIEQTVKDFTNALKTAITRSPNPYLVCICPPSPTDEKAFNGLHEKLQEQLETELQQNPSICLIKSQELLRTYPVQEYYDPYGDELGHIPYNLTFFTALGTILARKILALKSSPYKVIALDCDNTLWNGICGEDGVKGVKIDAPFRALQEFIIAQQATGKLICLCSKNQADDVFAVFEQHPDMLLQRNHLVNWRINWQEKSQNLQSLAEELQLGLDSFIFIDDNPIECAKVRANCPEVLTLQLPQESEKIPQFLDHIWAFDQLQTTQEDQQRTNLYQQNIQRQRLQENSLSFEDFLAQLNLEIEISPVQKEELTRVAQLTQRTNQFNLTTIRRSESQIKQLCNSGELDCRGVKVKDRFGDYGLVGLLLFTAQEDSLIVDTFLLSCRVLGRGVEHQMLAYLGTVAQEKRLAKVELFYKSTPKNKPICDFLTGIEKGLLQEKKDGVLFEFSAQIASETIFSPRSNVDSLNQKTKINLEETTAKSDSLSYRILNYQFFENIAQNLYNPELILQEIAGQQQRQRQLDGEFVAPRTPLEKAIASLFIEVLKLDRVGIDDDFFELGGDSIRGAILINKLQAQLSEIIHFVILFDQKTVRRLAAYLEEHYPKAIAKILGKAITEINDLSQERIDEAKVLQMRSLIPALTSTVDDERDDNSKNPPAIFILSPYRSGSTLLRVILGGNPQLFAPPELELLGFNTLGERKAQFSGRYNFWMEGTIRTIMEIKGCNAEEAIAIMEELEDKNLTSKQFYRLLQEWLGDKILIDKTPSYSLDLETLKRAERNFHNPLYIRLVRHPLATMRSYEEARVEQTFPYEHPFKRRELAELVWLISHQNILEFLQQVSPQRQYQVKFEDIVKQPQKTIENLCQFLGVEFNPDMLQPYKEKKQRMTDGIYAESRMIGDVKFHQHQSINPDTVDQWKDYYNSDFLGNVTWQLAESFKYPNNNHNIPQISRENPTESQTFPVSFAQQRLWILAQLEPDSPFYNMFKAVHLQGRINLEILERSLNEIIDRHEILRTNFQEVEATPVQVIAPHATLKISVIDLQGLSEQEQSEQLQLFATEDQLQPFDLTTGILLRVTFVQLKSESSALLLTMHHIISDGWSMGVLIKELSSLYQGFLLGHASVLPKLPIQYADFTLWQRQWLQGENQGFITIQNQINYWKQQLAAAPPLLELPTDRPRPSVQTFRGGCLSFQIDERLTASLKELSHKSATTLFMTLMAAYVTLLFRHSDQNDILIGTPIASRNYQELEGLIGFFVNTLVMRTRLEGNPSFEELLKQVRSVCRNAYANQDVPFEQIIETLQIERSLSHSPLFQVMFVLQNVAMEELETPGLKISPLSLDNVNAKFDFALQMWEINTEKGNSLQGFWQYNIDLFDQDRIARMSGHFQTLLEAIVANPQEPIGTLSLLTERERHQLLVEWNDTGKAYPDEKCIHQLFEEQVERTPNHVAVVFENESLTYRELNNRANQLAHYLCQNYQIKPDTLVGICVERSLEMIIGILGILKAGAAYLPLDPEYPPERLQFIIEDSGILLLLTQGFLKEKLLLTNLTNLNQILYLDEQSFSLLLTDNPSSQTKTDSLAHVIYTSGSTGKPKGVMIENRSIVNLALAWSDVFQIQNNSRVLQFGSLSFDLSIGEIATALAAGASLYLAQKETLLPSQILVDFLTENQISHAFLSPSALSVLPQAPLPNLQSLTVGGEACTAKLITEWSKGRNFFNAYGPTETTVCATVARFTKDEEKVSIGRPVPNTQIYILDSYLQPVPIGVPGELHIGGAGLARSYLNRPELTQEKFIPNPFSNYPDSRLYKTGDLARYLPDGNIEYLGRIDNQVKIRGFRIELGEIETVLTQNPQVQSSVIIACEDTPGNKRLVAYIVPQKDATPTPNELRQFLKEKLPEYMIPSAFVILESLPLTPNGKIDRRALPEPEQSYERTDKFILPRNPIEEILVTIWSEGLKVKQVSINDNFFELGGHSLLATQLISRIRTNLQIEIPLRSLFAAPTIEELGQQIQQLQQQDLTLSAPPILPRGEQSELLLSYAQTRLWFLDQLETNSAFYNIPVALRLQGHLNQAALIQSLEEIIQRHEALRTNFVNVNGQPTQVIQTVTNWTVSVINLQHLSPEEQEIAATNLVKGESFKPFDLANEALVRATLIVLNNNEYWLLLCLHHVISDGWSMGVFIEELTALYNAYNQGQPSPLKPLPIQYADFAVWQRQWLQGEVLENQLNYWQKQLADAPTFLPLPTDKPRPAVQTFTGAHQEFQLSLELTQKLTELSQQQGVTMFMTLLAVYGTLLYRYTGQSDILIGTPIANRNRREIESLIGFFVNTLVMRTDCSENPSFQELLMRVREMSLGAYSHQDLPFEMLVEALQPERNLSHTPLFQVMFALENTPLSKIELTDLTIDSLPLEGETAKFDLTLSMQNTETGLMGVWVYNTDLFNRETIERMNGHFLTLLEGIIANPNERVSQLPLLTKVEQQQLLIDWNNTEVDYPANKCIHQLFEKQVERTPNAVAVVFECQQLTYNELNCRANQLAHYLQSLGVKPDELVGIGVERSLEMIVGILGILKAGGAYVPLDPEYPQERLNFMLEDSQVKVLVTQAKLVESIPQHQAQLICLDTDWEKIAQNITSNPESGVKPDNLTYIIYTSGSTGKPKGVLVNHANVVRLFAATDSWYHFNSQDVWTLFHSYAFDFSVWEMWGALLYGGRLVIVPYLVTRSPESFYELLCQEKVTILNQTPTAFRQLIQAEESVKGDISPLLREVGKDSVTETDLSLRLVIFGGESLEINSLQPWFDRHGDQLPQLVNMYGITETTVHVTYRPLSMADVNSTASVIGRPLPDLQVYLLDQYLQPVPVGVPGEMYVGGAGVAKGYLNRPELTTERFISSPFEHSNKLYKTGDLARYWPNGELEYLGRIDNQVKIRGFRIELGEIEALLASHPQIWETVVLVWDDTAGDKRLVAYIVPQPEITIIIDEIRQFLKAKLPDYMVPNAFVILEALPLTTNGKIDRRALPPPNLDISDKYVAPSTPIEEILATIWSEVLKVEKVGINDNFFELGGHSLLATQLVAQIRDRLKVELPLRQLFNTATLAELAQGIEQLKQQKSAPIVPAILPRRRK,mibig,Planktothrix agardhii NIVA-CYA 116 ,NRP:unknown,ABI26077.1
BGC0000333,BGC0000333|c1|8739-9530|+|Sare_4554|methyltransferase_FkbM_family|ABW00323.1,MTMTGSRTIVPRRLRLPDGRQVWCTRPAEALLMWREISSDGFYRRGVRQLRPGGVVLDIGANVGLVSVALAAENPGVRIIAAEPVPDTFECLRANFEQHVPGGVAVRTAVAATAGTQQLTYYPDAPGNSGLYADRQADDALTRTFMRNGGMDDEEIDLLIEGLHEGRTIEVPVTTVSGLLRQHGVERVALLKVDVERAELDVLRGVEAADWARIGAVVAEVHDEQGRLTEFCGLLHAAGLSTETRQDPSLDGTELFEVYGDRS,mibig,Salinispora arenicola CNS-205 ,NRP:unknown,Sare_4554
BGC0000362,BGC0000362|c1|27286-28008|+|AAD44221.1|unknown|AAD44221.1,MDFLRNAGLMARNVSTEMLRHFERKRLLVNQFKAYGVNVVIDVGANSGQFGSALRRAGFKSRIVSFEPLSGPFAQLTRKSASDPLWECHQYALGDADETITINVAGNAGASSSVLPMLKSHQDAFPPANYIGTEDVAIHRLDSVASEFLNPTDVTFLKIDVQGFEKQVITGSKSTLNESCVGMQLELSFIPLYEGDMLIHEALELVYSLGFRLTGLLPGFTDPRNGRMLQADGIFFRGDD,mibig,Mycobacterium avium ,NRP:unknown,AAD44221.1
BGC0000378,BGC0000378|c1|21587-37369|-|ABV56588.1|KtzH|ABV56588.1,MNEGRTAVIPISFAQRRLWFIDRLEGPSAVYNVPFVLRLRGDLDVDGLRAALRDVVVRHEGLRTVFAEDDDGTLTQRVVPVEALAVPFSVHDSRPDEVDAAIAEAVTHRFELSSDIPVWARLLRCSRTEHVLVLVIHHVAVDGESMAPLARDLSAAYTARHGGVAPDWAELPVQYGDYTLWQRELLGDDQDPDSVLSRQLGYWRRELAGSPDQLRLPTDRPRPAEASHRGDVVAVDIEPGLVAALRDLALAKEMTLAMVMQAGLAVLLHHLGAGEDITMGATIAGRTDEALADLVGFFVNTWVLRTDLAGNPTLDRVLDQVRDKALSAYDNQDAPFERVVEAVNPERSTAYHPLFQVMFTWQSEPSVALDLPGVTARLEAVGTGTAKFDLEFNLAEGDADAGMRCDLEYATDLFDRDTAEAIGRRYVQVLRGLAGDPAARVGAVDVLSDHERDRLAAWNDTAAAVPDVTIPELFERQAEATPDAIALVHQGRELTYRELRESVDRLARVLVRRGAGPERLIGLALPRSADLVVALLAILKSGAGYLPLDPRYPSGRLDHVLSEAAPTFVLTDAATAHVLPGRELPLLYLDDLALDDGADIAVAPRPDNVAFVIYTSGSTGKPKGAVITHRGVVNGVTALARVVQPRPGTRTAAGTSINFDVSVFEIVTSLASGATVEILRDALELGERESWSGGVLSAVPSVFAEVVDDIAGKATADSVVFGGEELPMSLVRRVRAVLPGVRVVNPYGQSESFYATAHVVSDEVPDDASGGAPIGAPLGNMRAYVLGPGLRPVPPGVTGELYVAGEVGRGYHGRAVSTAERFVADPFGPAGHRMYRTGDLARWNADGQLEYLGRNDDQMKVRGFRIEPGEVEAVLAAHPGVRQAVVTTHDLAGTRHLVGYVVPVDRSETDAEASRHHNVDLTKGLSTAEVRAFLVDRLPEFMVPSVLILLDRLPLTPSGKVDRAALPAPEFTGTAYQAPRTTEEEILSAVFAEVLGLDQVGVDDDFFARGGDSIRSIQVASRARSRGIVVSPRQVLQSRTVARLAEAAAAHRDAVKPVAEPAGGGVGTVPLLPMGRYMLALGGGFDRFSMSMMLDLPDGIDEAGLLATLRAVLDHHDALRSRLVDGELRIEAPGAVDVAALLHRVTWDGQWDQVAAEGLETATARLDPAGGVMAQFVWFDPGRLLIVLHHLVVDGVSWRILLPDLAMAWEQVHAGRTPALPKVPMSLRSWTHGLLAEAPKRGTELPLWRAITDGPDPLLGSRPLDPAVDVASTVEHVWVRLPEWVTESVLTAVPKAFHGGANDGLLTALALAIVRWRKARGVDEDSVLIRLEGHGREQEVVPGADLSRTVGWFTSVFPVRLAVADAEEAFTGGPAAGAAVKAVKEQLLGIPDKGIGFGMLRYLDEAGAAELAGLPTGQVAFNYAGRYSRADIPENLRGLGWTRSAASAELIAAPNPDMPALSTLDVNALVTDTDQGPRLSARFSFPRGVLDRAAVRELADLWCAALTALARHVSEPDAGGLTPSDVPLVSVPQRQIEAWERRYPALADLWPLTPLQSGLLFHAMLAGAQYDPYQNQLVFHLSGPVDPERMRAAGQALLDRYASLRVAFAATEDGDLVQVVSDGVELPWRHLDLTGREQELADVLDRDRTEHFDPAVPPLLRLTLVTLAPDRAELVFDAHHVLFDGWSVPLIMGDLLRLYAAAGDGSALPHVRGFRDFLDWRAGQDREGGLRAWAAEFADVTEPSLLAPAASSADAIDVSQVYVPLTPELTRELSRRTAELGVTLNTLVQGAWAVLLGQLTGQRDVVFGTTVSGRPPAISGIDSMVGLFINTLPVRVTRRTTDTFVDLLTRLQDRQVALFDHHHCGLEDIQQAIGMAPLFDTFVVFESFPVDHVGLLEANTETDVTVTGLSPHGGSHYPIAVVAEADPNLNLLIQYQTHVFDRDAVRAIAERLGRVLRQFAADPTVPLTAVDLLDPAERELVLTRWNDTHHPVPATTIPALFEQRVADTPEATAVLCEGEAVSYAELDRRAERLARRLAARGVGPETTVGVMLPRSVDLVVALLAVLKSGAAYLPVDADHPAERVAFVYADARPLLTIAAEDAPVPEGEPRLAVDESIVDDGVRVTPPMPANPAYVLYTSGSTGRPKGVAVDHAAIVNRLLWMRDNYAVTERDRVLHKTPLGFDVSVWELFLPLVTGATLVVARPDGHRDPAYLAELIRRTASTVAHFVPSMLAAFVAEPAAGDCTSLREVVCSGEVLPDSLRDRYYAVLGARLNNLYGPTEAAIDVTAAPCPPQGPVTIGEPVWNTRVYVLDQWLAPVPAGTAGELYLAGDQLARGYVNRAGLTADRFVANPFAPAGGRMYRTGDVVRWTGDGRLEYLGRADHQVKIRGQRIELGEIENVLAGHPGADRVLVTAGDSGTGDRQLVAYAVADPGTAAPAATLSRLRRQGRLDGRELHELPNGMLVCARNRSNTAFLYDEIFVRDEYLRAGVSLPERPCVVDVGGHVGLFSLFVKTRRPDCRIYAFEPIPELAEMFRINAELHDIDAVVTNCGVGATAGTARFTYYPDMSMLSGRFADEREERRMLERVLRNERLADLDDGVLDELLAERLRGQQVDVELRTLSDLIREQGIDRIDLLKIDAEKSELDVVRGIEPEHWAIVRQVVAEVHDIDGRLKVFLDLLRERGFDTAVEAEADLAGTGMYSVYAVRPGAALAPMPAPADNSSTWYDPDRLADDLRARAKAQLPDYMVPAAVVVLDAFPTTANGKLDRAALPAPTVDGRRPSRDPRTPVEAVLCGLFAAVLGVPKVAIDDNFFTLGGHSLLATRLVSRIRSATGADVPIRAIFDAPTVAELSARVGAGSSNRPELRRAEVLPERVPLSFAQRGMWFADRLAGPSPTYNSPVALRLTGVLDVDALGAAVRDVVVRHETLRTVVGEDADGGTFQRVVPAGEVSADLPVVAVDPAGLPRAVAESIAVPFDITADLPVRARLFECGAEDHLFLLVIHHIAWDGESIAPVMRDLMAAYACRRRGEAPDWPEPALRYVDYTLWQRELLGERSDPTSVVATQFDYWRTELADVPQPMPLPTDRPRPAVATHRGGIVPFDLDHDLSTAIRELAAARGVTVPMVLQAAMALMLHRLDAGDDITIGSPIAGRTDEELAGLVGCFLNTWVLRVRVPERPTFAGILAQVRDKALAAYDNQDVPFERLVELLNPERTLAYNPLFQVWFAWQGAPDEKIRLAGLRTRVQDVGATTSKLDLSIIMSDDPDGIRGHAVYGTDLFDRATVERFAATLILTLRDGLADPDAALRRGDDAWSAADRTALSTSDGSDLALVEAALAAHPRVARSAALVQQTGDSESRIVGYVEVAVRPEAADMLEFGPGLSTVELREFLARTLPDTLAPATFVIMDELPLGPDGTVDRAALPEPDDDGREIRAPRTDAERVLAELYADLLGVDRIGIDDDFFTMGGDSIRSIQLATRARARGVEIAPREIFELRTVAELAARVADKADQAVAAARPEDDGVGWMPLTPMGARLVEQKKIRRFSMFTIVDLPADIDEAGLLATLTAVVDRHDALRSRLVSGGLRVQPAGSVEVAPLLRRAGLGADLQRELDDAIGRLNPTKGVMAQFVWAEPDRLIIVAHHLVVDGVSWRILLPDLASAWQSVRAGRTPRLPAVPTSLRRWAHALLDEATTTGRMAELPLWESIVDGPDPVLGSRPLDAGVDVRATLDQLDVRLPASVADTLLAQLPVVYRCGIAEGLMAALALALTRWRRTRGVDESSVLLRVEGHGREEAVVPGADVSRTVGWFTSAFPVRVDIPDAERASAVDAAIKAVKQRLRAIPDKGLGYGLLRHLNDETRETLEQYPDGQVTFNYLGRFSVADTPRRLRGLGWTEVAEAADMVTEFDPDMAVLSAVEVNAYVAEDDSGPAVVARFGFPTGVLSRDEVGELVELWQTALAELAGRLTAPDAAGLTTSDVPLVAVHQGEIDAWQRNYPGLADIWPPTPLQSGLLFQSRLAGRTFDAYHVQRVLRLTGEVDPVRMRAAGQALLDRHANLRVAFVSDARGEWVQLVPGKVALPWRLADLRELAPDDREAERARVLAEDRAEYFDPAVPPLVRMTLVLTGPAAAELVLTTHHVLLDGWSLPLLVQDLLKLYGSNGDASALPAPPRYRDFLRWLRDRDADATAGAWASELDGVREPTLLAPDDRSDTEAGTGQREVPLRAARELARRAAELGVTMNTVVQGAWGIVLATLTGRDDVVFGTTVSGRPADLPGADATIGMFINTVPVRVTCRPAETLRGLLRGLQQRQGALLEHHHWGLTDIQRTVGLPMLFDTVTVFESYPVDGADVGAAGTAAGVSVTGVTSEDGTHYPLGVAAIADPYPRIAIAYRRSAFDDAHVDRIAALFGRVLDRITTDPDLPLGRLDGLDAAEREHLLTGLNVTAPPPPARTIWELFEAQAVASPDAVAVAYADQELTYRDLRARSERLAAELVRRGVGPESVVAVMVRRSPELATALLAVAKAGGAYLPIGLAEPAERVGYLMSDSGAHLAIADRTTAAPLAGLVPDILRVDELTAGEPETVAPVEDGAVAVDNTAFIFYTSGSTGQPKGVAVTHRGVAAMAAAHVERLAASAGSRVLQVLSPAFDVSLCEMFTALFSGACLVFAGEEDLAPGAALTGTLNAGRITHASIPNSALALMSPDAVPTLRSLATGGEALPPDLMAAWARGRRMINIYGQTETSAAVTMSAPLTGGVPPIGRPIPGCRVYVLDGALRPVPQGAVGELYIAGIGLARGYTGRPGLTAGAFVACPFGAAGERMYRTGDLVAWNDRDELMFHGRADDQINIRGHRIEPGEVEGALVALPGVARALVTVDENGGDRRLVGYVVPEGVPEPGLTGALRERLRERLPAHMVPAALVLIDDIPLTPNAKVDKRRLPAPDRADRPTGRAPRTAREQILCGLFAEVLGLDRVGVDEDFLALGGHSLLVARLVNRILAVLGIEVPIRLVFEHRTVAGLAATLVPGGEPVVTEDPLAPVLPIRTGGAREPLWLIHPGGGTCWPYLGLAALLPADRPAYGIQAKGFDGKTALPDSIDAMVADYADEILAIQPTGPFHLMGLSFGGTLAHAVAAELQHRGHEVALLALLDGAPADYLMEQGPPTEAAIRDHYTEHLVGVADGADQREAVENAVAVLVNQTKLMRDFTSPSYRGDVVLFNAVPKSRGSSADRWRPHVTGAIRQHDIVSAHEELYRPGPAAEICRIIDAELRG,mibig,Kutzneria sp. 744 ,NRP:unknown,ABV56588.1
BGC0000495,BGC0000495|c1|34448-35209|-|ACR33061.1|methyltransferase|ACR33061.1,MAPLTRSLRYYYGDAGREAAMDAMYRRFVRPGDVVFDIGAHVGDRVACFRRLGARVVAVEPQPLCMRALRALYAHDDRVALVEAACGPAGGSVPLYINSANPTVSTNSVRFLTAATGSRGWENEVWDQQITVPAVTLDTLVQRFGLPAFIKIDVEGYEDAVLAGLSRGVRALSFEFTTIARDVARRCLDRAGELGFDGFDVSLGETMARTFGRWAARDEMLAHLAGLPHEANAGDVYAVSRSAGWPDRREDRR,mibig,Actinoplanes garbadinensis ,RiPP:unknown,ACR33061.1
BGC0000698,BGC0000698|c1|8342-9091|+|ABC42543.1|putative_methyltransferase|ABC42543.1,MSIALPEEVSVSIHRYGFVDYDLTAFLLSHVRPGSTVVDVGAHIGYYTMLASALVGPAGKVWSFEPTPSTLSVLRRNVDRLPNASVVPAAVWSKREELVFHDHGLGYSAYNSAFRARLPDAVRERVPSVPFTVDAVSLDEHVRAEGIDVDFVKIDAESAEAHVLEGMRDLLARRRPVISLEVGDLDVPGAPSSRELVDTLMTAGYEPWELRRGTPVPHRPRTHYVYQNLLFAPAGQWHADDTRRPDHHA,mibig,Streptomyces hygroscopicus ,Saccharide:unknown,ABC42543.1
BGC0000769,BGC0000769|c1|16182-16484|+|AAN05766.1|unknown|AAN05766.1,MHFLEQVRMIARNIPTEALRYLSERHWKRHFVKQLAAHQVNVVFDVGANTGQYTAGLRKAGYKGRIISFEPLSQPFSRLENRAAKDALWDCSRYAIQCWK,mibig,Mycobacterium avium subsp. hominissuis A5,Saccharide,AAN05766.1
BGC0000873,BGC0000873|c1|26580-27410|+|CAD62202.1|Ata8_protein|CAD62202.1,MTTDRFIAHDTGSGADIASEVVATDVGALALPRDDGMMLPWFRRHGWWEPHESRLVESLLYPGDTFVDVGAHIGYHTLRALRRVGPAGAVFAIEPWAPLRDLLRRNVAANVPELAGALSVVEGAAWHTDMPLRLRLDPRGNTGDSRVGTSGGPLEVPGVRLGGLAELRARRPALIKTDIQGRDHHALTGLADLLLRDRPHVLCEFWPHGIRDDGSDPAEVLRLYRSWGYEPKLVREAYACPEFHACVLSHRDDAEYIALAEQSRGGFATLWLCPRP,mibig,Saccharothrix mutabilis ,Other:unknown,CAD62202.1
BGC0000873,BGC0000873|c1|30325-31035|+|CAD62205.1|Ata11_protein|CAD62205.1,MTDRETASRLTPTWGWWEPGTVELMRRMVTPGSLVFDVGAHVGYYTTLLADLVGPTGRVHAFEPHPGNFQAMRGNTEALPNVTITNTAVADGAGARPLHFSGNTGRHSLFRTEFTGEAGRAVEVPTTTLSEYWERLGRPRVDLIKVDVEGAEPLVIAGARELLAANPDVLVITEYYPRNLRWGGSDEHHYLELLRRSGLTCQTIDDDGGLRPDLPSLQGDDYVNLLCRRDGPADPR,mibig,Saccharothrix mutabilis ,Other:unknown,CAD62205.1
BGC0000949,BGC0000949|c1|27888-28622|+|BAI53084.1|putative_O-methyltransferase|BAI53084.1,MIRQGPQAVRDLPPQSENLMTSQERRRLLLQDIDVVIDGGANGGQYAKWMRACGFRGEIFSFEPASETFGVLSEAARSDDRWHCHNAALGPEDGEARLHLTRTSLGSSLFRRTELHSRVWPRDVEAGTELVPMRSLRSLWHELGCDGRRVYLKLDVEGAELSVLEGSGPVLDRIALLELELSLVDMHHGAPAFHEVINFLSGRGFSPVALEQNHNGDDTTGQMLMLDGIFRAPGAGSEDGPGRQ,mibig,Streptomyces griseus ,NRP:unknown,BAI53084.1
BGC0000967,BGC0000967|c1|20404-31761|+|BAP05589.1|calA|BAP05589.1,MMGRGSSFVYQSEGNGPPDNWNDTDVGYPNIKCIHQLVETQARKTPDAIALVYGKQQLTYEELNRRSSCLARYLQLQGIQPDQPVGLCVERSLEMVVGILGILRAGGAYLPLEPQYPGERLQYMLQDSRVEWVLTQSRFTASLSPLLDDSVHLLSLDREWESITEGAQRQPALKRQVRLHHLAYILYTSGSTGRPKGVMLEHRALCNRILWMEDEYGLSPEDRVLQKTPFSFDVSGWEFFWPLITGARLVLAAPEKHKDPYYLRDTICRSGITVLHFVPSMFHSFLGIAEVERCNSIRKVFCSGEALTVQHTTRFFETFGDRELHNLYGPTEAAIDVSYYACRKEASVVPIGKPIANIRLYILDSRMNPSPIGSEGELCIAGIGLARGYLNRPDLTADRFFPDPFASTPGAHLYRTGDLARWLPDGNIEYLGRIDNQIKLRGNRIEPGEIEVAFREHEAVSECAVVVQQDERGERRLVAWFSPDARHARAILKHMEMEAQGLLADRKRHTLPNGMEIIHLNPGETDFLYQEIFEDNGYLKHGLAVLPGDCVFDVGANIGLFSLCMAREQVQVHAFEPMPEVYEVMRLNTRMYSDTIRTYPCGLSDAPGQETFTYYPNVTILSGAHADLEEEIGVVRSYLSGENDGHEHQVNDAEVDELLRARLETREVRCQLRTISEIIAEQGIKTIDLLKIDVEKMEHKVIEGIAAKDWPKIRQMVIEVHDIENRAQQMQALLAAKGFTVVVEQDDALRNTPIYSLYARRTSVRTDQPHVNTDRQWYNRAGLVRDIELHLASRLPEYMQPSAIIPLVEIPLTTSGKLDRGQLTTREIERTRTKQISLPQSEVEEQMLEIWEDLLGIMDISLEDGFLEAGGNSLLAISLIERINKTFGCSLTTTTLFKYPSIKELSAHIAATTTPTVAVAAAPTVLPAVATATPETPVSQAFSDIEAALAEHPSVAQSVVFARENKGQQTLVAYVRPNWTYFRQKKADQDAAELLKNWIPIWEQNYEPILDGEESSEETLNSIGYVTSDSGDQIPEAEVRECVDLAVGQVMDHRPTKMLEIGCGSGMLLFQLAGRVEHYYATDLSENAIEHIHASLVSKPYRDRVTCFRCDASDLKDVPLEEVDTVMIHSVIQYFPGIDYLTNLIRTLAERLPARARIFIGDVRDLRLLKAFHAAVLAHQCPPETSRERFAQMLSDRVRLEKELVIDPLYFKNLTRTLPRIKQVRIAPKKGQYHNEFIKYRFDTLLYLDEPCKEGALPQITPWPEQSPGDMLDWVTANPQSRLLTGVPNRRVWREQAILDWMNRPEGELSLGAALARIDATPDHDKGVDPFTVLSTCNTEAVAATIHWEHPHEDGRFEIYLQPASKGVGELPHRLAYKQDEPMELDGANFPGFSVVWQDNLPLLKRHLDERLAKGRIPARFIFQTSLPTTADGQVDRAAVTGEQPAPPTVPTAIAGTEPMLAAAPVAHRAAKTVLPAYYADSFAIIGISCHVPGAQDHHYFWQNLLNGHESVALLSAEELAAAGIAEELRQNPNYVPARLTIEDKDCFDPAFFNISPRNAAYMDPQARLLLLHSWKAMEDAGLAVGDTPETGVFMSATTNFYQLPLGLPVHALQGADGHAAGIQAQGGMIPNTISYHLGLKGPSMFVQSLCSSSLVGLKLACQSLQAGEAKMALIGGANLFAFSRVGHLYEPEMNLSDDGHCRTFDAAATGVVEGEGVCVIVLKKALDAVADRDHIYALLRGISLNNDGADKAGFHAPGVKGQAAAARAVLTATGVDPTTIRYVEAHGTGTPSGDAIEVAALSEAYPNGTHRCAIGSLKPNIGNLDTAGGLAGVIKVALGLYHGAIPPQINFNEPAPDIDFTDSPFYVPTQAEPWQDDKAPRRAAQNHYSLGGTNVHAIYEAVAPASPSPAAAGPFIVPLSARDDNRLHEMVQNLIAFLQGEPATDLSELAYTLQVGRVAMKQRVAFLVRDNEALSALMHDFLAGRENSACLRGTAERREQRLFENDEDAKELMQGWLRKGRLEKLAELWVKGVRVDWRCLHATPYPRRISMPTYPFARERYWIPETAPDAPAPMALRTTPQPVAVPVAELASRTHGSLLSDQVAVVLKGIISDLLMVGIDDLDPISPFNEFGFDSVSLISFANRLNQEYDLDLKPMVLFENPTIQSFTTYLVETYGDILAARLQAPAPGSKDMDSRADSQPPQGLVVPPSPSPVMASTPAVRAVAMPQPSESARHDAPIAIIGMSGSFPAAPDLDTFWENLRDGRDCISEIPPDRWDWRAIEGDPSEDGNKTKVRWGGFIDGVAEFDPLFFGISPREAESMDPQNRLLMTHVWLAMEDAGHSAQSLSGSDTGIFVGTGDTGYASLMGRAAGTENYAFLGIFPFGGPNRMSFFLNLHGPSEPINTGCSSSLVAIHKAVTAIRDGSCRMAFAGGVNTVPTPDGHISFSRAGMLCEDGRCKAFAANANGFVRGEGVGILVLKPLADAEQDGDHIYAVIRGSAQNHGGRSNSFTAPNPKAQAALLTEAYTRTGVDPAHVGYIETHGTGTHLGDPIEIEGLKTAFRQLNGSQTENKGHCGLGAVKSNIGHSEMAAGIAGLIKVVLQLKNKTLAKNLHCQEINPYIQIEDSPFYIVQETRDWSPIRDAQGRALPRLAGVSSFGIGGVNAHVIVEEYIPPVAAATPASPEPALIVLSAKNGERLREMAANLHRFVAHQAVQSDVEPAQLLANLAYTLQVGREPLEERLAFTVTSLDMLRDKLAAFLNKGSNGTTDTTFFHGRIKQFREALTIFMSDDDMQTAVDAWVAKKKYAQLLQLWVRGMHFDWNRLYTTEWPRRMSLPTYPFARERYWVETEPAAQPASTFPASPSSARPETQARRLLTPGLAEDASSGESSGQSRQYIENRWTPVPLAGDIDWQARLKQQEGTAITVIYSEEKRKDELFALLRNLEGAANLARPLMLDAVHVQDLARALGRADVVLFLGPGPELPPQPPSTVATHVDALVEHLREPAWDRPVHIYCLYEGDATRPRPDCEALAGVMNAAIAKNPRHAWTLIGHCDPESDTTGYQRLLGEWLAEPIANAPAKPTRTREIRYEASQRLVRQTATVAKTENVLAKVWEQKNLPTGDARPLAGKILVIVNPESIHLGQTLFAATNEVVLAGDGLSDRITYHFDPNDVNSGRSAAQRILSEVGELTLILDLSDLYTTPRERAESSLGKVSFYQILVGAFSPYQLVYVTLGLQHFRAERMSLAGAKFAGLVKMMSAEYRHLSARCIDIDRALCNDPRAFEAVILGECHMPLEETEICYRHGDRFVPTLEVGEPARYDRDEVNRRFSITADGVYVISGGTSGIGLEIARYLVSRGARRLVLMGITPLPPRDQWVSTIREGENARLAALNALAAELERLDIYTGTLSNAAALANFFNRIRRESGPIKGVVHSAGVYSDIKNSAFVTRDIEDMRQILEPKVNGMEHLAECFADDPLDFFVSFSSLTSFIPLLARGISDYAMANAFLDFFSAWQHHHQRTHYRAITWVDWNETGVAQRMTPEEFALVEKNLERVGLSSFSNEEGRHFFEQAMLLPNQHHVLPCFIDAARLNAARAELLHGISRNLAESVPETPHPVVKAAPMGAALPAVSNMDRRDDLVSPDWQLKARVTQWEQQGEALSFETLTRYVSFDQLKQQDPTLIQRVYQLLYPDEPAAIGNDSVSPKPSESDGEPISEIVYRALLDVLKIDGIDEHESFANYGLDSISAMVFSTRLEKRLDMEIPPHWLIDFPTIQTLSEQIQQNQVLA,mibig,uncultured Candidatus Entotheonella sp. ,"NRP:unknown, Polyketide:unknown",BAP05589.1
BGC0000970,BGC0000970|c1|31894-37500|+|CAQ43079.1|polyketide_synthase|CAQ43079.1,MTNDPLLQLIQKLTPEKRALLGGLLQPGPEPIAIIGMGCRFPGGADTPEALWDLLRDGRDAITDLPADRVPETSGEPRPTEGAPGSYRGGYLERIDGFDADFFGIVPLEAKRMDPQQRLLLEVSWEALESAGQRPDRLAGSATGVFVGIGANEYMFLQLDQRDPASIGDAFLCTGNASSIAAGRISHRLDLRGPSLSVDTACSSSLVAVHLACQSLRQRECTMAIAGGVSLVVSPLSTLIASKLMAMAPDGRCKAFAAGADGFVRGEGCGIVVLKRLSDALAAGDTIHAVIRGTVVNQDGRSSSLTAPNGLAQEALLRKALEVAGVQPADVGFVEAHGTGTALGDPIEVQALGAVLSEGRPLDRPVLVGSIKANLGHLETAAGVASLMKAVLCLKHGEVPPQIHVEEKNPHIPWDELPVTLPGVLTPWQASEGKARIAGVSSFGFSGTNAHVILEEAPATTASTAVRASQLLALSAHTPSALERVTDRLADHLEQHADQHIADIASTHVLGRAALPYRRTLVCNDRQDALTALRARDPRRVLTSAQPASDTPVVFLFPGLGEQYVDMARALYDAEPRFRARIDACATLLEPHIGLDLRSELYPASSASTPAAQPSGIDLRRMLLGGAGGKDAPSSAIDRTFLAQPAIFSVEYALASLLMDWGVKPREMIGYSIGEYTAACIAGVLPLEDAATLVGRRARLIEGLPQGAMLAVPLPRAEALPLLGSDLSLSGSNAPTMSVIAGPIDGIQRLEEQLTERNITFRRLRTTHAFHSTMMAPLREQFIEMVRGFRLSAPRIPYLSNVTGTWITPAQAVDPDYWVAHLCQEVRFADGLTELSRKGRRILLEVGPGQTLGSFALQQTQEGAVPPITLPTLRSAYDRQPDVAFLQRTLGRLWQAGGSIDWEAYHEGLRRRSVSLPTYPFERRRHWSELSRSTPAALSLPATTAPNEKRPLDDWFYVPSWKRSLLPTRGQHDASTNSVLIFADARLAPPLAARLHALDGKVTLVSPGAEYSRTESGHYTIDPRSSAQHHSLFSDLRARNALPTAIVHLWMTDPEAVSPGAAPSESALALGFYSPLFIAQALADLAPTAPVHLMLVSTHLQAVRGDEAVRPERAVLLGPCKVIPQEHRTVRCTSVDLDIDAHAAGSATTQLDQLVAELRTDVRDAIVAYRGPHRWVQTLDPVQLSPSTGTPSRLRQQGTYLITGGMGGVGLAIATYLARTVKARLALVGRSPLPAREQWNDWLATHDSTDATSQKLQAIREIEALGGEVLPLIADVTHAEQVKSALEQSIARFGALHGIVHAAGDFGGNLIVRKSPEETTRIIAPKVHGLLHLDHALAGRQLDLFISCSSLTGVVGGPGQVDYVAANAFLDAFAHSRSGRPTATLSLNWDDWKDVGAAFKIGGPRDFAAWREEHYQTAMTTAEGIEVLKRALAHDLPQVIVSTRLLGPRMEELGRMTHAEDLEQFGQRFRTARPRPALGTTYVAPRTPMERRLTEIWQDLLGVDPVGIHDDFADLGGHSLIATQLVSRLREAYRLDIPLRRVFESPTISDLAQLIESLLVARIQELSPAEVAQHLGPKPAAAGEVTTPPRPDQAASPPAAPRPLARRYTLPNGLEIHHLGKAETDHFYDDIFVKRVYYKNGIQLAPSATVFDVGANIGLFTLFVGQVCPTARVFSFEPAPPVFEILRNNATRHQVNATLINTGVSNRSRTAELTFYPSSSGMSSFYANLQEEQEVFRAILHNQQRADKTGMESVMEHLEELIEERFKSETFSCHLRPLSDVIREHGVERIDLLKVDVQKSELDVLEGIDPADWPRIQQVVLEVHDIDGGLDKAMNALRAHGFQVVAEQDDLYENSPIYNLYGTRPGSG,mibig,Chondromyces crocatus ,"NRP:unknown, Polyketide:unknown",CAQ43079.1
BGC0000994,BGC0000994|c1|72623-73405|+|AAF86398.1|FkbM|AAF86398.1,MSHPVETLRLPNGTTVAHINAGEAQFLYREIFTQRCYLRHGVDLRPGDVVFDVGANIGMFTLFAHLECPGVTVHAFEPAPVPFAALRANVTRHGIPGQADQCAVSDSSGTRKMTFYPDATLMSGFHADAAARTELLRTLGLNGGYTAEDVDTMLAQLPDVSEEIETPVVRLSDVIAERGIEAIGLLKVDVEKSERQVFAGLEDTDWPRIRQVVAEVHDIDGALEEVVTLLRGHGFTVVAEQEPLFAGTGIHQVAARRVAG,mibig,Streptomyces hygroscopicus ,"NRP:unknown, Polyketide:unknown",AAF86398.1
BGC0001031,BGC0001031|c1|7252-18210|+|AFX60309.1|polyketide_synthase|AFX60309.1,MSAYTLSDRSLIVSGHVVLNEPILPAMGYVHFVAASLLNNNNANNVESIYPVRIKNAVWFSPIVAGHDSCEVNIVFDDEEGEKTYWVTSKVPGKATQRHATGIVSSDDNVAAGGTHTVFPRPDVAAQTFTHRLDRDDIYRQFLSTGIDYRGNFQCLQALHCNQTLFWGQILADEESLTDLPSPYILDAAIQTVLLGARKARSHDHPEQVYVPFSLDNILIYKPLASKCDVFAVPRQTSSSAPEQGVFDVLVVCESGDIVVEMKGLHVRPYHNAGRGTKMEKSTRLGDKAADAGQTWAIAATFTAEPIVEPLQAWFAQLGWNDRVKFAPYKQVYQELLSPQSLLAANGEGVNAIMCRLEDLIANDAAASGSGKSERPQVSLAQINQHLTDCERFVLPNGMEIAHLKPYETRYLYEEIFVEKTYVKHGISFAPGNVVVDIGGNIGMFSLFATTQCPDLRIFSCEPSPISHAVLQKNLALYAPEAKALQVGIADKDGEAEFVFYPNSSVWSGFHTDEAEDGEALKKSMENEVAKHLGEMDSEVIREHLDAMIGERLQKQTYQVQMRSLASIMREHHIETIDLLKVDAEKCEWDILSSIADEVWPNIRQIVVEVHDKEGVTAEKIARLLRDKGYELAVVEEDMLKSSGLANFYARRPAVQAGDESRLSRFEQGICNNFKDLLTLIGQQPPRRHAPTLFVLCPPSPAMSAQFSAALLAQTAQMMQQILGDRADMSCIDLSRELQAYAVTEYHDAVRDEMGHIPYTPAFFEMAASVLVRHIHASRRPPYKVIALDCDNTLWSGVVGEQGAGDVLIDANFRALQQFMLRQKQQGMLLCLVSKNNHEDVKRVFDSRDDMVLQWDDFVDVQINWNAKSDNLQRLAKTLNLGLDSFIFLDDSPMECAEVAARCPQVLSLRLPENHDAIPGFMAHVWAFDQVCRTTDEDAKRTHLYQEQVRREAFRQSAFSMEAFIRGLDLAVTLQPATSDQAERLSQLTHRTNQFNFVKRPHSVGDILSRIQQPEQGCWSIRVSDRFGDYGLCGLCLFSEHEHRLSVDGLLLSCRVLGRGVEYQVLNALGRTALERKKETVAIHFAASDKNQPAHNFLCSITQLTPESSGAWAYTAPAGTLAELAFAPSSQTIDSPRDSTPAAQDTDVLPRGRSNDTLLMQRIAEHHGQLAAPRSEPMTPHPTAPAALARPDDIDSDAISHFIDAAIEKSLHECLKAKVDIDETKAFSEYGIDSFAAINLAVKLNAAFSIKLPGTVLFDYGCVSDLRRYLLANYRHEVAARMQPAQRQDAASAGNAAPRAETPPPSPRREQAAEADKREHDGDIAVIGMSARFPGMANVDEFWAMLLASGDCISEVPADRWDIAAYYDEDRSKPNKTYGRWGGFIEHIDKFDASFFGISGKEAKQMDPQQRLFLQESWHALEDAGYANRDIKNKRWGVYVGADAGDYHANLLRHGVPLDGSSFMGNDASILAARIAYFMDMKGPAMAIDTASSSSLAAVHLACESLRSGAVDMAIAGGVSIHTTVNFHILCAKAGMLSADGRCKPFDHRADGFVPGEAVGVVVLKRLQDAIKDKDPIYSVIKGSAMNQDGKTNGITAPSSRSQTELICQVYDELKLSADELTYIEAHGTGTKLGDPIEITALTDAFRRQTQRTGFCAIGSVKSNIGHCVHASGVSALIKLLLSFKHRTLPPSANYDQPNPLIPFEETPFVVNTRVQDWRPNVQGKRIAAVSSFGFSGTNVHMVLEEFRAANGEGGPAQPVDAWDAEPALLLLSARSDAQLRILAQQLKAYLQQHAPLTLGEIKDIAYTLQLGRESLSHRLAIVGKSESEMISGLEDYLHRNALAQRYLTAAVAQGERNKGNSARQQTEIDGAIQQRDLRGLAGQWLEGRQVDWSSWYPSARQRVANLPRYPFEQERYWLPEHPAHIMPQAVDGGATPIADVLPSPLPSPESAPGKRVLAALQTFQPADVQAQSASDLPLTDEGQGIFSLHLRGADGVSSRDLARVLTALKNRADINVLLLCGDEHGFLADLAQDEALFLQQGLYRTVLTMPFPVIAAVPGGCNGYAWLLACLCDFTVLSATARYHYAGGGQQVSQQLYHLLSERFTPAAAKALLTDPQPMEGRQLKALGILMPVFPAADVAGESLKLARELARAPREALVQLKRHLAAAQIQRSVALAERPVDFAGVEMPAPTLLPENGVQAFENGLLPAPSGRPRKVALTSAAIEAEVYDNGVLLVRLCERDSRNKFSKAFVAGFEEIFAHIRQNQRYKVVVLTGYDHYFASGGTMETLQAIQRGEAKFTDEKIFALPLECDIPVIAAMQGHGIGPGWAVGMFCDEAIFSLESVYYSPYMRYGFTPGAGATLILPSRLGLDLAREVLFTANEYKGYELHARGLKNPVLERARVLPFALAVANALALQPRAELVAAKTQRSQRLRDQVEANYERELQMHERTFVGNQEVLSRIQQHFNPGALGHQAQEQTNRQQDAAPLRVNEPHAAVSGQPTQDAPQALFDRVYILLRRMLSEELQINVEHVESEQPFVDLGLDSITGVTWVRKVNAEYGLALNAADIYSYPNLKLFTAWVIDKAGLNAAPEPTAVAANASENVSPPQAAMADRANDRVTPSASVLAFLSQTLSQELQIKPQAIDPDIAFVDLGLDSITGVTWIRKINQHFGLALNAAEIYGHPTLQSFAALIQRGVGPALAAATPLSQAETADNRAELEMPIPAATHRHPSEEQRVQSARAPARQPASCQAIAVVGMSGQFPKAKNLQQFWENLRAGADCISEVPAERWPVASFFDPDRQTPGKTYSKWMGVLDDADKFDPLFFNISPREAELMDPQQRVFLEACWSCIEDSGQNPAALSGSRCGVFVGCGDGDYEARFGMALNAQTFMGNAISILAARIAYHLDLQGPSLAIDTACSSSLVAIASACDSLALGNCDLALAGGVSVLAGPSMHIMTSKAGMLSEEGRCFTFDQRANGFVPGEGVGVVLLKRLEDALEDQDEIHGVIRGWGLNQDGKSNGITAPNGNAQSRLEQEVYARFDIDPEHIQYVETHGTGTKLGDPVEVAGLKQSFAQFTRKENYCALGSVKSNIGHTLRAAGVASVLKVLLAMKHRQIPPMLHHQTLNEHIALEGSPFYVNRELRDWTAAPGHRRQAAVSSFGFSGTNAHLVIEQYSTEDALATERPAPGQPAVHDPALIVLSAKSEAQLRQSIVNLLAHVRERGEREHGEGAKTYLHSLAYTLQTGREAMNERLAFVAHSLDELQHRLAAALDDEQQTAEPFFRGKSKSQSDVASIFNVDEDMRGLVQSWAAKGKWAKLLEIWVKGVNIDWAVLHLNASPRRVSLPTYPFARERYWVALPTASADAAPGATTSPAKSLQETFTALGDFSAYGNLLAAGAMSAQDRLPGLWLLEQALSAWASSGQGPAAELNYLLWGQPACVQDALDGHIQTYFSREDDGLYFQCVTEKAHKSVIHHFGQVALIAPAAGGGHAQDIQALEARLSAPQHHQVTQQFKRAIDDSGLRSPAVAENVCFDGAQLLVRLGGLAERPTLLTACWQLLSALNHHRHSQTPAQGQWHPFSLDAIVTYKPVPARATVCISPASAEKESLVIAGDLPGYDLSVYDETGALCMWLSNLKMVKEAALLTFEASNHD,mibig,Serratia marcescens ,"NRP:unknown, Polyketide:unknown",AFX60309.1
BGC0001032,BGC0001032|c1|7529-18502|+|AFX60332.1|polyketide_synthase|AFX60332.1,MSAYTLSDSSLIVSGHVVLNEPILPAMGYIHFVASSLLNNNDANNADGIYPMQLKNAVWFSPMTLDKGTCEVNIVFGDEDDDKTYWVTSKVPGKATKRHATGVVSFDFNAAEANERPVGSVFPLPDITAQTFTHRLTRDDIYRQFLSAGIDYRGNFQCLHALHCNRTLFWGQICADEGSLTGIPSPYILDAAIQTVLLGARKTLWGDRPEQIHVPFSLDNILIHKPLMPKCDVFSVPRQASSHSPEKGIFDVLIVSESGDILVEMKGLHIRAYHKAGQGEQSALAAAPTEAGQTWAIAATFTAEPIVEPLQTWFSQLNWHDRITFAPYNQVYQELLSPQSVLATNAAGVNAILCRLEDLIANDAAPAPRKNGVPQVSPEQINHHLTNCERFILPNGMEIAHLKPYETRYLYEEIFVEKTYVKHGISFAPGDVVVDIGGNIGMFSLFAITQCPDLRIFSCEPSPISHAVLRNNLALYAPEAKALQVGIADKDGEAEFVFYPNSSVWSGFHTDDAEDGEALKKSMENEVAKHLGAMDGEAIREHLDAMIGERLQKQTYQVQMRSLTSIMQEHHIKTIDLLKVDAEKCEWDILSSIADDVWPNIRQIVVEVHDKEGVTAEKIARLLRDKGYELAVVEEDMLKSSGLANFYARRPAVQADNTPRLSPVEQGVRDNFNDLLTLVGEQPHRRQGPTLFVLCPPSPAMRERFSATLLTQVAQMMHRIQGDKAEIRCIDLNHQLQAYGITDYHDDVRDEMGHIPYTPAFFEVIAAVLVRHAHAGRRPPYKVIALDCDNTLWSGVVGEQGAAGITIDANFRALQQFMLRQKERGMLLCLVSKNNQEDVKQVFDSRDDMVLQWDDFVDVQINWNAKSDNLQHLAKTLNLSLDSFVFLDDSPIECAEVSARCPQVLSLQLPENNDAIPGFLAHVWAFDHVHRTTDEDAKRTHLYQEQVRREAFRQSAFSMEAFIQGLGLDVTLQPATPDQAERLSQLTHRTNQFNLVKAPYSAGDILSRIQHPEQGCWSIRVADRFGDYGICGLCLCSEHEHALSVDGLLLSCRVLGRGVEYQVLNALGRIALERKKHTVGIHFTANDKNQPAENFLRGLPVMVRESSGIWAYAAPAAVLAELAFTPSPQAMDSASDNAPSAQKTASLPHGQSQDTRQMQRVAEQHGRLSLPQTNRACPPMTAYQPDDIDNDAVLHFIDAAIEQSLHECLKARVDIDETKAFSEYGVDSFAAINLAVKLNAAFSIRLPSTVLFDYGCVSDLRRYLLANYRSAIVARMQPVQQPDAVPADGAGRRARAPVNQNRKTANEAGEQAQYGGDIAVIGMSARFPGIANTDEFWSMLLASGNCISDVPAERWDIAAYYDEDRSKPNKTYGRRGGFIEDIDKFDASFFGISGKEAKQMDPQQRLFLQESWHALEDAGYANRDIKNKKWGVYVGADAGDYQANLRHHGVPLDASSFMGNDSSILAARIAYFMDMKGPAMAIDTASSSSLAAVHLACESLRSGTVAMAIAGGVSIHTTANFHILCAKAGMLSADGRCKPFDHRADGFVPGEAVGVVVLKRLQDAINDKDPIYSVIKGSAMNQDGKTNGITAPSSRSQTELICQVYDELNLNADELTYIEAHGTGTKLGDPIEITALTDAFRRQTQRIGFCAIGSVKSNIGHCVHASGVSALIKLLLSFKHRQLPPSANYDQPNPLIPFEKTPFVVNTQVQDWQPNAEGKRIAAVSSFGFSGTNVHMVLEEFKPASDEGAPTKQLNARDHEPALLLLSARSEAQLHLLAQRLKAHLQQHSPLTLGQLKDIAYTLQLGRESLGHRLAVAGKSEAEMLSGLEDYLSRHAFAQTYLTAAVTQGERNKGNSAGQQAEIDRAMQQHDLRGLAGQWLEGRQIDWSAWYPTARQRVANLPHYPFEQERYWLPESPARAMPHAGAISAADVSPAIMAVPLAESAPGKRELAALQTFQSADLQADIASIPLTDEGQGVFSLRLHGTDRVSANHLSHMLTALKRRTDISVLLLCGDEQGFLADIEHDHELFLQHALYRTVLTMPFPVIAAVPGDCKGYAWLLACLCDFAVLSATARYHYASGDQRVSQPLYHLLSERFTPTAAQALLTDARQQEGRQLKTLGLLMPVFPSAEVIGESLKLARELAKAPREALVQLKQHLAATLVQLSAVPADSPIAFTPDAAVAGPLLPENGVQAFENGQLPAPSGQPRKVVLSSAVIEAEAYDNGVLLVRLCERESRNKFSKAFVAGFEEIFAHIRQHHVYKVVVLTGYDHYFASGGTLETLQAIQKGEAKFTDEKIFALPLECEIPVIAAMQGHGIGPGWAVGMFCDEAIFSLESVYYSPYMRYGFTPGAGATLILPSRLGLDLAREALFTACEYKGYELLQRGLKNPVLERARVLPFALAAASAVAQKSRAELVAWKTQRSQPLRDRVEVNYAQELRMHDRTFVGNPEVLSRIQRHFNHGESIAPQQGAHALTVNEPHSVGTGQPAQDTPQALFDKVYVLLRRMLTEELQIKAEHVESEQPFVDLGLDSITGVTWVRKVNAEYGLSLNAADIYSYPNLKLFTALVIDNAGLSAAVADPHAVKANKAKDVVPALSADSLAADSAGHVETPLANVLAFLSQTLSQELQIKAQAIDPDIAFVDLGLDSITGVTWIRKINQHFGLALNAAEIYSYPTLQEFAALVQRYAVAPAPLSQAPTEPTAQWHEWHEAPLPAARPEERGTQRADSPAMPESASAAGQAIAIVGMSGQFPKAKNLQQFWENLRTGADCISEVPAERWPVAAFFDANPQAPGKTYSKWMGVLDDADKFDPLFFNISPREAELMDPQQRVFLEACWGCIEDSGYNPADLSGSRCGVFVGCGEGDYEARFGMELNAQTFMGNAASILAARIAYHLNLQGPSLAIDTACSSSLVAMASACDSLVLGNCDLALAGGVCVLAGPSMHIMTSKAGMLSEDGRCFTFDQRANGFVPGEGVGVVLLKRLEEAIEDRDVIHGVIRGWGVNQDGKSNGITAPNGNAQSRLEQKVYTRFGIDPERIQYVEAHGTGTKLGDPVEVAGLKQSFAQFTRQANYCALGSVKSNIGHTLRAAGVASVLKVLLAMKSRQIPPMLQHQALNEHIALDGSPFYVNRELRDWSVAAGHRRQAAVSSFGFSGTNAHLVIEQFSSEEAPAIFTGQPATREPALIVLSAKNDAQLRQSVVNLLAHVREQADRMRAQEGQAGEENAYLHSLAYTLQTGREAMSERLGFVAHTLDELQSRLAAALDGEQQTRDPLFRGKSKSQSDVLSLFNVDDDMHGLVQAWAAKGKFAKLLEIWVKGVNIDWDILYLTGTPALSPRKVSLPTYPFARERYWVDLPTAPAEGTQGVPADAAPVSGTLAQMHDAPMDFTAYENLLAAGAMSAQDRLPGLWLLEQVLSACELSARGYAAELNYLLWGQLASVQDAVDGHIQIYFSHEDDGLYFQCVTEKEHQSVTHHFGQVALNASAGVGSRVQDLRALEARLEVPHYQQAALQIKRTIDESGLHNHAVAEKICFDGTQLLVRLSAFAQRSHQPQATRFRPALLTACWQLLSALNRYCHPQTPAHGQWYPFSLDSIMTYKPVPDRATVCISPAPAEHASLVITGDLPGYDLCVYDESGALCLRLSNLKMVREEALLTLESSEP,mibig,Serratia plymuthica ,"NRP:unknown, Polyketide:unknown",AFX60332.1
BGC0001034,BGC0001034|c1|4808-7192|+|CCE88382.1|polyketide_synthase|CCE88382.1,MTTPMVATEHTPPGKTPAKESARPAVLMFPGLGDHYVNMGRDLYRSEPAFREQIDLSAELLKPELGVDLRSVLYPGPDPSPAASPDGEAPGAPKQGVDLRRMLGRSRKEPSEVESQLNQTRLAQPALFVVEYALARLWQSVGLRVGAMIGYSLGEYVAACLAGVLSLEDSLTLVARRAQMIEELPPGAMLAVPLPEERVAPLLGEHLSVSAINSPEFCVVSGPREAVDDLEKRLLQGGTPTRRVQSSHAFHSRMMEPIAGRVTRLVEGYSLRAPQVPYVSNVSGALITAAQATDPAYWAEHLCRPVRFADGLRALLQRPGRIFVEAGPGQTLSSLAITTPKGDVEGELVVVPSMRHAYDVQADTAVLLNAVGRLRLAGAALDADRHSPSAGHAPPGAGEATPAKAEREAANAPPGDAAFAPRTDVEKELAAIWQKLLSAERVGRADNFFALGGNSLVATRLLFRIFKSFRVNVPLRRVYEAPSLAAMAAAIEAAIGSKDGAALGGDAAVPAPAAAGEQAHGSLAPRRYRLPNGLEIIHQSEAETRHFYEDIFAHRSYVKHGIQLPRGATVFDVGGNIGLFTLFVHTEARDARIYTFEPAPPLFEILRQNVAAHQVQAELFNVGLSDRERDAPFTFYPNSSGMSSFHADEADEKHVLRTIIENQGRIGMAGMDQVLPHSEELLGVRLKAQTFTARLRRLSDVLRETGVTRIDLMKVDVQKAELAVLEGIDEGDWPKIAQIVLEVHDVEGRVRHITTLLERRGFTVIAEQDALYVGTNIHNVYAVRETPASEGIER,mibig,Sorangium cellulosum ,"NRP:unknown, Polyketide:unknown",CCE88382.1
BGC0001040,BGC0001040|c1|97622-98404|+|CAA60470.1|methyltransferase|CAA60470.1,MSASVQTIKLPYGRPSAHVNPGEAQFLYQEIFAERCYLRRGLELRAGDVVFDVGANIGMFSLFAHLECPDVTVHAFEPAPVPYAALRANAERYAIAGRFEQCAVSDVAGRGKMTFYTDTTMMSGFHPDPATRAELLRRLAINGGYSAEAADRMLAELPDTSQVIETSVVRLSDVIAERGITSIGLLKIDVEKNERHVMAGIDAGDWPRIRQVVTEVHDIDGRLDEVLTLLRGQGFTVLSEQEPLFAGTDIYQVVARRGDA,mibig,Streptomyces rapamycinicus NRRL 5491 ,"NRP:unknown, Polyketide:unknown",CAA60470.1
BGC0001138,BGC0001138|c1|32814-33542|+|AET51865.1|methyltransferase|AET51865.1,MMLPWFRKYGEWEPHESALVESLLRPGDCFVDIGAHVGYYTIRALRRVGGAGAVFAVEPWPVMRLLLERNVAANASGDVAALHVVAGAAWHCDVPLRLALDAGGNSGDSRIARGGAVDAVGIRLDGLEELRERRIAVVKTDAQGRDHHALRGLQELLGRDRPHVLCEFWPRGIRDAGADPFDVLSLYRSWGYDPVLLREAYACPEHHPCLVGGQDDARYVAMAEQARGGFATLWLRPAGRRT,mibig,Marinactinospora thermotolerans ,Other:unknown,AET51865.1
BGC0001138,BGC0001138|c1|36503-37225|+|AET51868.1|methyltransferase|AET51868.1,MTDHRLGPEQADRLTPTWGWWEPGTVKVMKRVVEPGMVVFDVGAHVGYYTTLLAELVGADGHVHAFEPHPGNFQVLQRNTRALSNVTIVNTAVADDDRPRLLHFSGNTGRHSLFQTEFTGEGGRVHEVPVTTLSDYWERIGRPEVGLVKIDVEGAEAQVVTGARRLLDATPRIRVVTEYYPRNLRWGGGDGAAYLDLLRRSGLEYRAIQDDGSEREEIPRLDGDDYINLLCRRAARPSRG,mibig,Marinactinospora thermotolerans ,Other:unknown,AET51868.1
BGC0001183,BGC0001183|c1|108149-108931|-|AGC09508.1|LobA3|AGC09508.1,MADIRSVQVAEGFHVSAPQVEGALISEIHFIYNEVFVDRDYLKHGIRIPGSARVVDVGANVGMFSLFVVGECPDARILAFEPIPEIYQALRENLSRYGAKGVKPVRAALGGLPEEQVRFTYFPALPGNSTRHPEEKQLNKKLVEEQLGPEAVDRILGAVEVEAEVLRLSDALRDWAPEGPIDLLKIDVEGSELEVLEGIDGSDWQRIRQCVIEVQDLDGRLDAVLGLLDAEGFTVATERATNIPDVLRHWMVYAAKEDAQ,mibig,Streptomyces sp. FXJ7.023 ,Polyketide:unknown,AGC09508.1
BGC0001191,BGC0001191|c1|14429-15163|+|AKC92641.1|putative_O-methyltransferase|AKC92641.1,MVHPAPREVEDLPAVSENLMTAQDRRRILLREIDLVIDGGANVGQYARWLRHCGYGGEIVSFEPASETFEVLSEAARSDDGWRCRNVALGPEDGEVRLHLTRTSLGSSVFRRTALHSQLWPRDVEAGSEVVPVRSLRSLWSELGCGNRRVYLKLDVEGAELSVLEGTGEFLDQITLVEVELPLIGMHHDTPTFLDVLNFLTARGFSTVALEQNHRGDETTGQMLIVDGIFRSRAAGLRDARPDR,mibig,Amycolatopsis sp. SANK 60206 ,Other:unknown,AKC92641.1
BGC0001350,BGC0001350|c1|5894-21055|+|AMH40422.1|PKS|AMH40422.1,MRDKKIAVLKSDHPLLMNHVVLTRPILPAVGYFDMIFESMSHVLDPGQLGMFPWKVSNAFWLAPLSVYQRELAVELELDRTPQGFDYRILSGGEQQLITHASGSLGVRESIEIQTSETIDVEALVGELPNQLDASAVYQTFEDNGIAYGEPFRCIESFYFSECAAVGHLVRPTAVVGHPDCFPGLLDAAIQCVLLLVRQIHPTVAVCVPFSLGEILVHEAPGNQCFCLATLKTEGHNDSHFSFDVQLVSEGGKLLGEMQDLCIRAFSPQKTGKAGGSHHQSDNEQNGEMAIASRLWAVASTFTAEPLEAPLMDLSRQLDWDTRVEFAPYNQIYQEFLNPRSLLSQNRSGANFLVIRLEDFQASVSEAGVSPDAGDNNSLPTGDECYQLPNGMTIANLNPYETRYLYHEIFVEQTYLKNGIVLEEGDVVFDIGANIGMFSMFVAQHCKGARIFACEPSPICFQILEQNLFLHAPGATALPVGVADDDREAPFVFYPKSSVFSGFHADDQEDGHALRQAIINEYSQRFEATDMETLGEHLDGMVDARLQKETYQCQLRSLSSLITEYQIEEIGLLKIDAEKCEWDILSSIAPDDWPKIRQIVVEVHDQENWKLSQRVTALLREKGFEISTVEEDLLKGSLLCNIYGKRTRSAMFARRSALEIGIQRNLEDWVSLLKRAAASRSLPHLVVVCPPSVKALATLSNEFLQTTEAWLRETLSHEDGIDVISMTDQASVYDWGDYHDPVRDAMGHIPYTPRFFTGLASNIVRRLHCRQREPYKVIALDCDNTLWSGIVGETGASDIVVNNDFQILQTFMLAQKQQGMLLCLVSKNDLADVRRVFETRDDMRLKWDDFVACRINWQPKSDNLKSLSESLGLGLESFVFLDDSPIECAEVRAHCPQVLTLQCPAAEKDIPSFLNHVWAFDHARKTIEDGHRTELYKQQARREDFRRQVSSFAEFIESLELDIRITEPCPDDLARMAQLTQRTNQFNFAKRHYSATELRQLSEESTVGSLAVKVADRFGDYGLCGLMVFRAIADCLKIDAFLLSCRVLGRGVEYAMMAALGREAEKRDLGTVEVAFIRTPKNHPAEQFLQELGNPLRRSENNVEVFSFSASELSRLQFVPPEQVPDDMEASVTAVMPATGASPAAFMQRLAEHGGFLEPDESLPVTPNPIIPNIKPGGGDTDAALQRIEDMVTASVRSCLDSPAVAIDRVKPFSEYGVDSMANIKLVVTLNQTFEIVLPPTTLFDYVCVRDLSAYIYHDYPEVVERLRAAESAKAEPTKPLTVSPSGASMDSGGHQRESSADKQDTQSIAVIGMAGRFPGGRDVRAFWQMLRNGETCITEVPTTRWDINDYYDPDPTKSDKTYGRYGGFLEEIDCFDATFFGISGREARQMDPQQRVFLEESWHALEDAGYAVRSLEGSSNWGVFVGADAGDYQAYLRKAGLPLDASAFMGNDASILAARIAYFMNLKGPALTVDTASSSSLTAVHLACDSLRKGDVSLALAGGVSIHVMPDFHILCSKAGMLSVDGKCKVFDDGADGFVPGESAGVVVLKRLADAIRDGDHVYGVVKGSGMNQDGRTNGITAPSSLSQTQLIQTVYRKLGIDPADIGYVEAHGTGTKLGDPVEIKALTDAFRQFTDQQQCCAIGSVKSNIGHCVHASGVCGLIKLLLSIHHGQIPPSINFSKPNQHIAFDQSPFFVNTQLRDWEPNAQGRRIGVLSSFGFSGTNVHMVVEGPVAELSVPPQPTTVEAAALFVFSAKSAERLQTLMESWRDYLSDGQTLNPDQFQDLAFTLQTGRESMAHRLAIVADDHGELRQRIADFLRNPATPGCFVGVMQGGQHSDQTPGETTIREWFGRQQFDEIAAAWVGGSVIDWSALHVAGRRRRLHGLPGYPFEKDRYWLPETSHQGQEQTSEKSSLNHGQVPSHGISLELPTASRFQPAATTMGQHRLTPLESFAQPREAQLSSSAEVHSRGFFPWHQDGDGVYRIVVGDATPSWASLAQSLEMVASQTDARVVILSADSGFAGPKDRRGPDLFQLLTEFELPIIAAVKGRCRGAGCLLVSLCDFMVCAEGAEFQFQPPGEWRLSQREQAFLQERFGPKGDGLWSDQRSFTGIQLKAMGLLLPVVSADRVNAHAASLASELAQAPKESLVQLRRHLAQMLISRAAVPQAAVGGIAGANSILLEDLGRSAPLLLQSDVVRAEAYGGGVLLVTLCDRNSRNTFSKAFIAGINEVFALVRDNPRYKVLVLTGYDSYFACGGTQETLLSIQGGTARFTDDKIFSLPLECEIPVIAAMQGHGIGPGWALGMFCDQAIFSEESLYFSPYMQYGFTPGAGATLIFPDRFGWDLGREILFTAREYKGHELRSRGINMDVVLPRAQVLGQALQRAGELARQSRHELVRRKAERSRLLRTLLEPNYAQELAMHDKTFVGNQEVQERIRKYYNSGMAVAPSAEKTAVSSAASTHHRRDQVLEFLRRTLADELQLKLERVDSHGAFVDLGLDSITGVTWVRRVNQHYGLSLLAAEVYNHFTLNKFADLVLARTVDQDGGEPAPPAEAPLPVIITPVATAADSDVVNAILKTLQITLAEELLIKPERVNPETPFVDMGLDSISGVTWVRKINQRYGVKITAVEIYSHPTLRQFAEFMARITQAPSPETPQAPLLPQAETPVTTQAPDPLPKPPPKPPVVTPQPRAGIAIIGMAGQFPKAPDLNAFWQNIAQGLDCVTEIPQERWSPADFYNSRDHAPNHPPHKWMGVLEDVDKFDPLFFNISPREAELMDPQQRLFLEASWACIEDAGYDPSSLSGKKCGVFAGCGAGDYGLSLEADGLNAQALMGGAASILPARIAYTLNLHGPCLALDTACSSSLVAMAMACDSLVAGNSDMTLAGGVTVLAGPAMHLMTGNAGMLSANGRCHTFDQRANGFVPGEGVGVLLMKRLEDAERDGDRILGVIRGWGVNQDGRTNGITAPNGDSQTRLQRQVYDRFNIDPATIQYVEAHGTGTKLGDPIEVEGLKQSFRQYTDRRGYCALGAVKSNIGHSLMAAGVAGVIKILQAIRHRHIPPTLHFETLNDQIDLEGSPFYVNSAGQAWVAPPGQTRCAAINSFGFSGTNAHLVIEEYGALTGDLGVSQERLESPAMVVLSARTEEQLQVSGQNLLTYLEQQLDCPDTVVPDLLSIAYTLQTGRQAMDERVGWVVSSLDELMQALRSYLAGETNERARGHAKHGQEVLGCLNTDGDAAEMLRAWARKRKFSHILSLWVRGLDVDWHLFYDQGQPRRVSLPTYPFARQRYWMHKARLLSSDAGSKSVNLPPPLAASPPSSLSSLLIFEPGWTAHPVADHGLSEPPSFHERHVLFCGLDQSLGRECAARLEGVMVHHIPSPVLASDQGTLEAQLGHAALQVFKLIQKLIQGLNSPEKLLLQVVVPHHGGICLHGGLIGMLKTARAEYKWLVPQLIELDGQALFSETVARVNDCACHPDDLHIRYHGHDRYIRSWQETVPASTEKSFDWRQNGVYLIVGGGGGLGSIFAEEIARNTRSATLILVGRSPLDGDKLAVIERVRSLGVQVEYRQANIADRADTDTLIQSVQHAYGGLDGILHCAGITRDQIIREKKVEDFAAVLAPKLTGTFYLDQASRHLDLDIFLLCSSNAAVLGNPGQVDYATANAFQDVFAEYRSQLVIKGQRTGRTVAIGWPLWKDGGIQTHGAVQAAFKQRYGLTPMPTPWGLQALSQALAAEQPRLLVMCGDPDAMRTSLQMAERGDGQGLDLTSGAPNPEASQIRPQVETILTQIVSDLLKIPTGDLDPSAHLNVYGFDSTLLIELAVRLNTRLGLDLTPAVFFERLTIARIADYIASDYRHALASLIQSRSNGDQGNNTQANNTQVNNTQANSTQVNNTQANGVQANGAQANGAQAQPQCSATVRQDFVAPAEPIAIIGISGSFPMAPDLEAFWHNLNTGQDCITEIPKSRWDWAAWYGDPDHEDNKTNIKWGGFIAGVDEFDPLFFGISRGEAELMDPQQRLLMTHVWKVFEDAGYAAESLSGSATGIFVGTASSGYHTLVEKTGMPIEGHTAIGNLPSVGPNRISHYLNLHGPSEPIETACSSSLVAVHHGVTAIQNGHCEMAVVGGVNTLVTPDVHISMNKAGALAVDGRCKPFSEQANGYVRSEGVGMLLLKPLSAAENDGDHIYGVIRGSAENHGGRAGSLTSPNPRSQADLLKTTYTRAGIDPSTVSYIETHGTGTKLGDPVEINGLITAFNELRETYPLLADGLDVGRQGCGLGSVKSNIGHTELAAGVASVLKVLLQFKHRTLVKSLHAERLNPYIRLQDSPFYVVQENQPWVALRDPQGKELPRRAGVSSFGIGGVNAHVILEAYDGTVRPSSPRVAWPTPMIVLSARNGDRLRDLVQNLLAWVDRSAVASGRAAPSLHGVAYSLQVGRTAMASRLAFVAESFQMMRHKLRHYLQGAGDPGGLFCGEVNGQTYPDVPGPDASQPLVEQCRQSGDYSRLLAHWVNGGTVDWQQCYGDIHPVRVSLPTYPFARDRCWVGVMPQNGHLPLAMEPTPPVAPHDGNLQAFYPGWEALPVPNASGSRRITTTSPLIVGGTPEQIAAIRKQAAATVLTLPVAASPAVVADSIRQQGDVEHLVWIAPSSDLGRELGQSMIEAQETGLFQLFNLVKGLLLLGYGDRSLRLTVITTQTQAVYRSDRIQPAHAGVHGLAGTLAQEYPQWQIQALDLPAAWPVQDIFPPTPPTLDALGTPLAYRDGTWFKSVLLPIRGLDADGNGYRRGGVYVVVGGGGGLGQVWTRWMQEHYQAQVIWLGRRPAAALEQQLNALAKDGLKPAYFQADAAEPGVLEGVLQRIRQRYGRIHGIVHAAMDVFDLALADMTPERFRRVLASRINISVRIAEAVRHQSLDFILFFSSMASFAKAGGYGGYASGCVFMDAYARALNTELPHAVKVVNWGYWGVGSGERVSAQVKRRYQQLGIEPIQPPMGMQGLQTLMQGSLEQMALVNTSRPDAIDGVASAALISRQTDDLPPSLIRNILLQMETHGADEFVSLGHNSRI,mibig,Leptolyngbya sp. ISBN3-Nov-94-8 ,Polyketide:unknown,AMH40422.1
BGC0001373,BGC0001373|c1|30572-31351|-|BAV32148.1|methyltransferase|BAV32148.1,MAVTNTPELIEADRLSYYAISKIEAQFIYKEIFTDHCYDIANLPSNPFIVDAGANIGLFSLYMKRKYPQAKILAFEPAPVCYDVLSRNLALNDALSGVKALQCGLSSSAGTLPLTYFPNLPGNSTLVPEEKNKLYEEAVRKRGKETADERFGGAVKVDVELKRLSDVLREYYPDGKPDQGLERIDLLKVDVEGAELEVLKGVDEEHWELVRNVVVETWEPSGIRPQIEALLEDKGFDITRDRAEWAPDQFSMITARRQD,mibig,Sordaria araneosa ,Polyketide:unknown,BAV32148.1
BGC0001451,BGC0001451|c1|1621-11031|-|BCRE_RS14165|non-ribosomal_peptide_synthetase|WP_050383082.1,MDRKKIETTYPLSPLQKGFLFHAGYDLAHADNYIAQLFLDFDGEVDAGLMRAAADTLIRRHANLRAGFVHPGGREPVQVILREVAACWKEHDWRTEPLVRAAELQSAWHAEDRQRRFDLSQPPLLRFGWLRLPEERTQLVLTYHHILLDGWSLPLVLEELLTLYRTQGDALSLPKTTPYSTYLGWLQGRDRASAQQAWGDYLSGLEGPTLLARRSASEDQTQSKSSLTLPIELTQALNQQARQQGVTLNTLLQAAWGILLGKLSSSRDVVFGITVAGRPGELPGVERMIGLFINTVPLRLRWRAGETVVELLERLQREQARLLEYQYLDLAEIQRLAGQRQLFDTLCVFENYPVNAKAIVQQDEGFGLRHISGGDRYMTHYPLSVMIEPGERMTLNLIYRPASFDAAKRLGAQLIRLLEAIATVPQSPIDTLPWLDKSERRQLLEEWSGKALDSGEITLAELFEAQATRQPNAVALEGPDGCVSYGELDARANRLASHLQSLGVGPDVVVGVCLERSIDMVVAILGIAKAGAAYLPLAPDYPTERLAYMLTDSMAPVLLTESKQVERLPSYWGHLVELDRLDLSWQASSAPARALRPDHLAYVIYTSGSTGQPKGVAVSHAGLAGLVKSQEERFAVAGPVRVLQFASLSFDAAVMEILMAFCSGGRLVLPAAGPLLGEQLEKTLNRYAISHALIAPSALETVEAEVVPGLSTLVVGGETCSGATAASWSQGRRMVNAYGPTEVTVCVTMSKPLSGSDKPKLGRPTLGAKLYVLDSTLQPVPVGVAGELYIAGRGLARGYYQRPGLTAERFVANPYGKGERLYRSGDLARWSGEGELEYLGRVDQQLKIRGFRIEPGEIETVLCQHPQVREAVVVSRTNGRDTQLVGYVTVRGEVDGQALRRQVANWLPEYMVPAVVLVLEELPRLPNGKLNHQALPAPEYTGKRYQRPRNAQEEILCGLFAEVLEVDSVGIDDSFFDLGGHSLLATRLISRIRATMNIEPSIRDLFDMPTSAELALRLSTKPTAVRQPLLPQERPKRLPLSHAQQRLWFLHRFEGPSSTYNIPLAFKLQGSLDVEALRRALEDVVVRHESLRTIFVESEGIPEQKILAPDEACLALQLIDTNEETGLDMALREASDYHFDLSREIPLRCTLFRQESQVWTLLLLIHHIAGDGGSLLPLGRDLATAYAARRKGLDPAWAPLPVQYADYTLWQRQLLGSEGDPDSLISTQFAYWKQNLAGAQEQLTLPTDHPRPAVASYRGHYLPFQLEAELHSDLRRLARTNDTTLSMLLQAALAALFTRLGVGNDIPLGCGIAGRTDEALGDLVGFFVNTWILRADTSGDPDFVTLLGRVREQALAAYAHQDAPFERLVELINPVRSSAHHPLFQVNLTLQNNALPEFRLDGMQVSLHRIVSDIAKFDLFFNLYETFDQDGRALGLQGAVEYACDLYERATVQRFIYHFVRLLREVVAAPTAAISALDLSDEAVASSPGALDLSASITVDDTIIGRFAEQVRRAPDATVLTYRGETLTCAELNARANRLARCLIADGAGPEELIAVALPRSIDMVVSLLAILKTGAAYLPMDPAYPLERLSFMLTDAKPRLLLANMETIRQVAEVSRVSTLALDCPELAQTLTRTDDSNPLVPRPLRSDNAAYLIYTSGSTGAPKGVLIPHSNVLRLLDKTAHWFDFGPKDVWTLFHSYAFDFSVWEIWGALLTSGRLVVVPQTVSLAPDEFLTLLEYEKVTILNQTPSAFYALMQAERHHGSNGGASLSLRRIIFGGEALDLSALQPWYQRHGDETTQLVNMYGITETTVHVSYQPLDSGMCGSRCNSLIGIGIPDLHLFLLDACLQPVPVGGIGELYVGGAGLARGYHNRASLTAERFVANPFASSKRMYRTGDLARRNVNDIFEYHGRADQQVKVRGFRIELGEIETVLRQHPGVEDARVVVQTLHDNDCRLVAYLQPSERTAAPLRRWLKVRRDAEAQGARAFELPNGMPIFHHNTMETEFLYEEIFEDLVYFKHGIRLDDGACVFDVGANIGLFMLFVGQHCRNATIFAFEPIPPVFRTLTLNAEVHGDKVRLFDCGLSDAVRQERFTFYPNDTLISTSRNSPEAIRGMVKSFLINQHGNHSGDDAEVGELLDERLASQDYMCVLRTLSDVITEHNVDRIDLLKIDVENAEYNVLQGIVESDWPKIRQLVMEVHDVDGRLRRIVDLLLHRGYRVIHEQDRLLRDTAIHCLYAVHVSRDAEMRPGHHAENTSLFWNCRADLLRDVRANLRKRLPDYMQPNHMVLLDTFPLTPNGKLDRRALPAPEQAAMRVRDIEPAEIEAALCRHPLVSQAVVIAREDAPGHKQLVGYVVLDDAAALQRDTEDETRQVQAWRQVYDTLYEAHCQQPFGENFGGWNSSYDGQPLPLEEMRAWRQATVERIRELQPRRVLEIGVGSGLLLAPLAPECEAYWGTDLSPTTIAVLERQLSEQTFGDRVRLFALGAHELSKLPEGNFDVIVINSVLQYFPNAAYLTEVIKQSLERLSPGGALYLGDVRNLALLDVFATAVDLCQVGTETDAASLRRRVEQRLLAEKELLVSPAFFSRLRETLPQIGAVDIRLKRGEAVNELSRYRYEAVLYKEPCEAVSLSEVETQTWSDVGNMSACRTRLMQYAPMWRIEGIPNARLHGEVLVTRRLKSEDGLASWRRWLDESGGVEPEDLYRLGAELGYRVVLTWSNQPDHFDAVFLPEQQRGALDAVYRTPPVLKPLSGYVNNPANFEQFAAIRRYVGEQLPDYMVPAALVLLEGLPLTPNGKLDRRALPAPEFGTACYRAPGSEQEKVLAQLFAEVLGLPQVGVNDSFFDLGGHSLLATRLISRVRSLFHIDLPIRTLFESPTVARLARYIDDGAIDLDSFEVLLPIKPDGKRAPLFCIHPGGCLSWTYVGLVRYLDAEQPIYGLQARGIDGKSQVATSIEGMASDYVEQIRRIQPKGPYYLLGWSLGGNIAQEMAVLLERQNHDVGLLILLDSGPSPMHKNDEMIEYPLFTKEFRKTFKFHVSESKMRAIFEVSKHHIELIKQSTTPVSRGRALLFRATVPYDENTPLLSPHAWNDYVKGEIEIRDIHCQHAHMNHVEFMAQMGEVIETKLAELHARATRY,mibig,Candidatus Burkholderia crenata ,NRP:unknown,BCRE_RS14165
BGC0001519,BGC0001519|c1|13008-21656|+|STRAU_RS01650|non-ribosomal_peptide_synthetase|WP_016638469.1,MIPLSFAQRRLWFVDRFEGPSPTYNGAFALRLTGELNVAALESALRDVIDRHEVLRTVIVEDDDGVPHQQVLPSVHQPFDLPLVEVTPQERAAAVAEVATACFDLAADMPIRARLVRSAPQEHTLVLVAHHIAVDGESFGPLFRDLTLAYAARRQGSAPAWEPLPVQYADYTLWQRDVLGDESDPDSLAARQLAYWRETLADLAQPLAIPTDRPRPKAMSPRGDRVEFALDADLLRSVEKLAAQADTTTSMVMHSALAVLLHHLGCGDDVPIGAPIAGRTDEELRDLVGFFVNTWVLRVDLSGNPTFQQLLERVRDKSLAAYDNQDMPFERLVELLNPDRSTAYNPFFQVMLSWQPPVPDLELPGLAVKAEKLETSTAKFDLFFDLLPNASGGAQCRLEYATDLFDRHTVEAIADRFVRVLSRLAADSARRIGSIDVLDAAEREQLLTRFNDTATAAAVAEPLTIPELFEHQVAKTPDAPALVYQDRTLTYRELDEQANSVAWQLREHGAGPEDLVVLALPRTQDLVVGLLGILKSGAGYLPMDPQYLAGRASSVLAEARPRFVVTDTATSQELPPHDMASINLDDRADWNTPRHAPDNTARTAPLGPDNLAYVMYTSGSTGKPKGAAITHRNVVNGVRELVRVLDAPPGWRMLAGTSVNFDVSVFELLTTLTTGGTAEVVANALALAERDSWDGHVISAVPSVLGELIGHLDKTTDVRTVVLAGDVLPAQLVRQVREALPGVQIVNSYGQSESFYATTFSLTASQEWTENDVAPIGTPLGNMRAYVLGPGLTPVPQGVIGELYVVGTCLGRGYHGRPGMTAERYVANPFGPAGERMYRTGDLARWNARGRLECVGRADGQVKVRGFRIETAEVEAACTAHPGISQAVVISREVPAGGRRLVAYVVHTGEGAVGDDGAGGIGDVDVQAGASAAELRKFVAARLPDYMVPSAFVALGRLPLGPTGKLDRSALPEPEFLGEAYREPRTEAEKIITAAYADVLGVERVGIDDDFFAVGGDSLRSIQVVARARAQGLELSTREIFECRTAARLAEVASARRDRVAPLAEDESGGVGPMPLQPVARHVFEHGGGTDRFAMSMVLELPADIDDSGLTATLDAVLDRHDLLRAQLVRGDELSLTVREQGTVRAAQLIRKVACDGRWDEPDALRAAQAELDAAAGRLDPEAGTMADFVWFAPAIGAGRLLVVLHHLVVDGVSWRILMSDLAQAWQQVRSGQTPKLPAVGTSARRWATALQDAAHSPQRAAELAYWQDVLQAPTPPLGARAFDPAQDLWSTVETVRVELPAEVTQAVLTTLPAAFKGTGTDVLLAALALAVNRWSDTSASTLVRLEGHGREEDVVPGADLSRTVGWFTSMYPARVDVQTVDLDEVLAGGPAAATAVKLVKEQLRAIPDKGMGYGLLRHLNAQTAAQLAGLTAPQIGFNYLGRISDADVPEHLRAHGWGPASWSAELIPAPDPDLPALSALEVNSVATDTPEGPRLQAAFMFPTGVLTREQATALAQLWVKVLHGMAAHAARPQIGGLTPSDAPLVSVRQDEIETWEERYGRLSEVWPQAPGQSGLQFQAAFADGSFDVYHMQFVLHLSGHVDPERMRAAGQALLERYPNLRSVFLTDAAGNPVQIVPEHVDLPWRHLDLTGRTEAEQDAALDQALADDRADQLDPTRPPLLRLALLTCGPQQAKLIITAHHTLFDGWSSPSVVRDLTRLYAQSGELAPVRSYGDYLAWLSAQDREASAARWKAELAGFDEPTLVAPNAPAQETASALGRVEVPLSIDKGKELARRAAELGVTLNTLLQGAWGILLSKLTGQQDVVFGAAVNGRPADLLGSDEMVGLFVNSLPIRVFCRPDRSVADVIAELQNRQTALLDHHHYGLADIQRDVAMPALFDTMIAFQSYPIDREGMIEANASAGFTVDAIRPFAGSHYPLSLNASDPYLRLSLDYQNNLYDRAAAEEIAARLVRVLEQLIEDPAAPVAAVEVLAAQERDQLLHRVNDTAHPVAADTLPDALEAQAERDPARTALIGDQQTLTYQDFNRRANQLAHWLIERGAGPEQLIALRIPRSVDLIVAIHAVVKAGAAYLPIGADLPEDRVRYMLDNAEPLLVLDAALPDVSAYPTANPARTLSPDNAAYVIYTSGSTGRPKGVQVSHRSIMNRLRWMQHAYPLAADDRVLQKTPSSFDVSVWEFFWPLQEGAALVVAKPEGHKDPDYLARLIREQSVTTCHFVPSMLQVFLTETAAADCAEPLRRVFCSGEALPRESADAFAATLPGVELHNLYGPTEAAVDVTHHACLPHESGPVPIGVPIWNTQVYVLDAALRPVAPGVSGELYLAGTGLARGYLGRRALTAERFVACPYGEGGTRMYRTGDVVRWNKDGRIEYIGRTDFQVKIRGFRIELGEIETALSGHPAVQQTAVIAREDTTGGQQLTGYVVVDPQTAPGVARLHELQAAGRLDGVELHELPNGMVMAGRNKSNMTYLYDEIFQRGEYARGGVRIDDGARIIDVGGHVGMFGLWAGSVARDVQVYVCEPMPELAEFYRINAHLQGLDAVVTTCGVSDAPGRAEFTYYPEMSLMSGRFADETTERETLRRVIANERGSQAVEEDQLTDMLADRLTSTQVDVELRTVSQVIRDNNLTVVDMLKVDAEKSELAVLRGIETEHWPLIRQIVAEVHDEDDRVAVVTKMLAAKGFNVVVETPQGLEGTGMCQLYATRESHDTPAPTAPAPAGWHSPAQLTRELRAHLEQQVPDYMVPGHLVILDQLPLTANGKLDRTALPAPDQAEAAAGRGPRNHNEEVLCRLFAELLGVDEVGIDVDFFDHGGHSLLATRLTGRIRSELNVDVKVTTVFRNPTVAELAERIEKLATSKRPQLRQMNV,mibig,Streptomyces aurantiacus JA 4570 ,"NRP:unknown, Polyketide:unknown",STRAU_RS01650
BGC0001807,BGC0001807|c1|94319-95044|+|ATL73058.1|hypothetical_protein|ATL73058.1,MEGALISEIHFIYNEVFVDRDYLKHGIRIPGSARVVDVGANVGMFSLFVVGECPDARILAFEPIPEIYQALRENLSRYGAKGVKPVRAALGGLPEEKVRFTYFPALPGNSTRHPEEKQLNKRLVEEQLGPEAVDRILGAVEVEAEVLRLSDALRDWEPEGPIDLLKIDVEGSELEVLEGIDGSDWRRIRQCVIEVQDLDGRLDAVLGLLGAEGFTVATERAANIPDVLRHWMVYAAKKDAQ,mibig,Streptomyces pactum ,"NRP:unknown, Polyketide:unknown",ATL73058.1
BGC0001836,BGC0001836|c1|4226-24685|+|DAC80073.1|PKS|DAC80073.1,MNMEFVLDENAPLLMNHQVKGEAIFPAVGYFERLVSELRNLAICTEEIYPFGISNASWLAPLRADNGCARMHLSINRKELGYEYQFLKLLGAETQLCASGIIEFRHSEPEPREMPLDAFLGTSGHLINRSAARLYHRNDIYQMFLKIGIHYKDLFCALDQFSFHEDLSIGRILRNVGEYESGIHVRPDILDAAVQCVLLTVHESRTTPALFVPFSVAEVSFFQKPSSLCYVVVEPHEAGTSDDIYRFNVRIMDESGVVSVLMKDLCVRRYSRPSQNEDITVKKGPGNVTSLPGLNWFITSTFTAEPIQEPLSDWSDSLGWPVNISFAPYNQLYQQLIESSGFIYQNTSGANLILTRLEDFQENDQHQQSVTENNNPLPLDAGISREERDNVLVDSLRMTLPNGLEIAHLNSYESHYLYNEIFVEKTYLKKGITVERGEVVIDIGANIGMFSLFIASEFKEVQIFAFEPSPATYDVLNKNLALYIPNAVALPFGVSNQDGEAEFVFYPLSSVWSGFHADDEQDGLALRQAMENELTSRYTFDDNDALQTHLDALVKERLHKETYQCQLRSLSSFFREYEIEKIGLIKLDAEKCEWDVLQGIEDQDWEKIRQLVVEIHYQDDSDIAQKIRQLLCDKGYEIEVVEEELLKESGLYNLYARRPQIQHAPQPYNVLDGIERNLDALAELIQHQHPRFNVPLFLVLCPPSPAALEQLPAEFCQQMEQRLRAQLNHVARVVSVSDYSELYPLTNYHDPVRQELGDIPYTDPFFKTLAAILVRNLVAGEQAPYKTIVLDCDNTLWSGVVGEAGVEGIEISAEFQALQSFMLAQKQNGMLLCLVSKNNEADVRNVFEQRKDMVLQWDDFVVHQINWSPKSQNLIELSKSLNLALNSFIFVDDSPMECAEVRESCPEVMTLQLPADHTDGGLKTFLQHVWVFDHHQVTAEDRQRTALYQHQFKREQFRTGFDSLKSFIDGLELQVTLVPIDADNVSRFAQLTHRTNQFNINKQPKSAADLSRYADQAGHGCLCFQVSDRFGDYGLCGLILYRQVTENSLLADGFLLSCRALGRGVEYQMLAALTDVASRMNCSTIQFVARQTEKNAPALKFLADIAEQCEVVATESANQLDYQFPVSKLSAVQFMATEPATDPEILPKVSASSDGRQLSSLWIQQVAEQAGALIAGIEGQDSEHQHPASVNTDTLLSDEDSTQSAGDISVAETLVLDHVRRCLSSPDMQIDVNKAFSEYGVDSMAGINLVVMLNKSLDVTLPATTLFDYANVRDLSQFICQEYPQAVTRLQPSVMNVTTNSSNAARTTVTTQAVNPVIDSKVDDIAVVGMSGRFPGIRSPQAFWTMLAEGRSCITEVPADRWDVSVYYDPDRTKENKTYGKWGGFIEEIDRFDAAFFGISGKEAQQMDPQQRLFLEESWHALEDAGYADRGTGQKKWSVFVGADSGDYQLNLRQSGVPIDGSSFMGNDASILAARIAYFMNLKGAAIAIDTASSSSLSAVHMGCASLRSGESDLVIAGGVSIHTTAQFHILCSKAGMLSEDGACKVFDDRADGFVPGEAVGVVILKRLQNARQDRDHIYAVIKGSSINQDGKTNGITAPSGRSQTDLIRQTWDQYGIDPAAISYIESHGTGTRLGDPIEVKALTDAFRVSTDNVRYCALGAVKSNIGHCVHASGVSALLKVLLSLQHGKIAPNRNFVSPNQHIDFEHSPFYINTRLQDWNAPEGELRLAALSSFGFSGTNVHMVVQEYVDITPRVVARTVVDDGQYVFVLSAKNESQLQASARQLQQFLSARAPVDEYELVSLAYTLQVGREAMSHRLAISAATAAELISGLQQYLAGKTGNSIYTGVVQAGSNATALKPTHNSEVVAQAWVLGQTVSWRSLYDDQPYRFAGLPTYPFERERYWLPAQKHVDTLVTKALTEAVTNEIVAEQSASMSGRRTLMPLSTFGAQGKSVSLLQAQLIEPGILQLTAKESVLTAPMMAELRAQLHKAQASPDVKVVILSAGQQPFFSADVQTPAAIPAGFSDLVMACELPVIAAVEGGARGAGWLLACLCDFMIAAREQRYQYSPQPQEKPLSQQEWQFFAERFGEYPADQLLFTDAGLTGQALQELGLQMPVVEQTDVLNSAVTLARDLAKSTRAALVALKQHMSRHLRACADALLQSPIPFSRSPVRATDRLSTNTVSATESWHRVEAERQAMGSGRKIPLSTEVVSAEAYDNGVLQVVLHDRDSRNTFSAAFIDGICEVFRHIQHNQQYKVVVLTGYDHYFASGGTQETLLAIQQGDARFTDDTIFSLALECDVPVIAAMQGHGIGPGWVLGLFCDAMFYSEESVYFSPYMQYGFTPGAGATLIFPSRFGYDMAREILFTARYYKGQDLARPGLLHTVLPRHNVLTAALVTAARLAQTSDRDGLVSDKAGRVAALRSRLDENYALELAMHEKTFVGNDEVRQRVLQHFNQGIPTKVSDVPVAAPVIDHHEQRRQVHEALKSMLADELHLQVSRIEDHTPFIDLGLDSITGVTFIRQVNSRYGLSLTAASLYSAANLTDFTSLVLAEQPRQPATNPPLPQMDTDADDILAFLRRTLADELHLNPERMDDNTPFIDLGLDSITGVTWIRTINAHFSTALGAAELYTHPTLRAFAAFLSHDQSAIVVTTVATTPAPTAMVDDHQTLTFLKHTLAEELHLNPDRIDEDTPFIDLGLDSITGVTFIRRINQHFAQNFGAAELYSHPTLRLFSRFVEQQNAHTEAAPVPPAAAMNVTQDVAATAVVRSEPVSPPSARTPGKPESTAIAVIGMAGQFPQSPSLELFWEHLVAGHDCISEVPAWRWSLTEYYHPDASVPGKTYSRWMGALDDADKFDPLFFNISRREAQLMDPQQRLFLESCWAAIEDAGYAPSALSGSNCGVYVGAGAGDYAHGLAIDAVNAQSFAGNEPAILAARISYLLNLQGPSLALNTACSSSLVAIVSACDSLVSGQCDLALAGGVSVLSGPLMHIMTSKANMLSRHGRCFTFDERADGFVPAEGVGTLLLKRLADAEADGDAIHGVIRGWGTNQDGKTNGITAPNRDAQIRLQQQVYQRFAIHPESIQLVETHGTATRLGDPIEVEGLQRTFQAHTQKQSYCALGSVKSNIGHTLMAAGVASVLKTLLALKHRCIPPVAHFETLNEHINLDHSPFYINREAREWQVNGNVPRRAAVSAFGFSGTNAHVVIDEYRSAVTPTTGRPGETDRLLSQVIVLSARTDEQLTAMVQNLSSALQNGSLAEVKLVDIAVTLQTGRDAMAERLALVADSKETLQTRLQSYLQQPETTEGVYRGHIGQEDVCLPILNEDPEFQHTLVRWVQQQRIAKVLRLWVSGLSIHWASLYQHIAGRRIHLPVYPFARQRYWLDGKLASKTVAPSPLPNSEPIALLEPVWRASPVQDISATDEPLVRHEVFLLGDALMGLAAQMSGPEYSVQTLDGRMSAPDQTFEAAAVALFEYINNTMRESLPGTVLIQVIVSDSLFTGLGALLTSAAQEYSRLQAQLILVSAAETPVTLNQKIRQNRSRPDDQFIRYDQGERQVRELTQRPIADKVMPWRAGGVYLISGGAGGLGLTFAREIATYCNQATIILVGRSDLTPEQQAAIEHVRGLGAQVEYQQLDISQYPAVVALIEHITRSYGHLNGIIHAAGVVRVNAISRKSGSEFKTVLATKVSGTVNLDQATQALDLDFMVLFSSVASVYGDVGLADYACANAFMNDYARYRSQLQRMGQRHGQTLAIVWPLWRNGGMQVTDAMARWLAQNSVHSRAPLTDQQGIEGFYRALACAAPEVIIHSGERIDAGPRPSKAHTPQPSINRTASLQQSLTQVVMQLMALQPEDITDTATFSQMGFDSITLTELSVQLNQRFGLTLTPAVFFEYSTIASVSQYLLKQHPSVFAEIATENGTHETPHDHTLVTAQTPADQRTYTTQPVTSVAIIGISGEFPEADNIAAWWHNLEAEKDCISEAPLHRWDWRSGEHDDSIKWGGFLDGIDAFDPLFFDISPAEAEVMDPQQRLLMTHAWLAIEDAGYAPSSLAGSQTGVFVGTCNSGYNALAAQQGRAVEGYTAVASSPSMGPNRLSYLLDLHGPSEPIDTACSSSLVAIHRAANAIREGRCTLAVSGGVNTLISADIQVSLSKAGALSPDGRCKTFSRHANGYVRSEGVAIVVMKALADAERDGDPIYGVILASGENHGGRANSLTAPNTRAQADLLLDVYRRGNIDPRHISYVEAHGTGTALGDPVEVNALKTAFAERCAELDGMNAAMQTPYCGLGSVKSNIGHLELASGAAGVIKVLLQFKHQRLLKSLHSEEQNPYIELSDSPFFVVRQTQHWPNVTDGQGNVLPRRAAVSSFGFGGVNAHLVLEEYVAHAQSDTRNAGNVPVLVPLSAMNRERLLASVRCLKDWLTDRTDIALCDLAYTLQTGRNGMKDRLGIVVNSIDELLKTLDCVLEDRMPVAGHYRFSGQTASDQDMSGAITQARHGNYEPLLNWWLAGQTVDWSQLYEDNRPRRLNLPGYPFARQRFWALNKAQIPGAAHRVDPVSADQDNDADLLALTPVWQAVPSATAGADTDQHVTVIAPDWVTYMVADTVTVSDWVDVAAILEPDTLQTVLWDCQPIQHLLIHLPQISDGQPSHATVCQLFNIVKAMLALGYGDQPLRWSIVTTQAQPVCHGDIVYPDQAALHGLAGVLAKEYPRWQVQVADLADDCYWPVAELLAVRGESGRAWGYRDRQWYQQVLTPVPEVASSSGYRQGGIYVVIGGSGGIGEQWTRWMQQHWQAQVVWIGRRPLDQALQARLQALAEFGPTPVYLQGDATSAEVLMTLLNTVYQRFGAVHGIIHSAVDQFDRSLAEMSTEQFRTVLRTKVDILLNIDAALAEFEQSGRLDTLDFVLIFSSMASFEKGGGFAGYAAGCLFADACAQTLEARYQRPVKAVNWGYWKVGSGLRVSSEYQTQQQRKGIAPIQPDTALARLPQLLGSSLSQLALVQVASAQAQNYLELPVVTVADSNTGQAQPGADDYQLAAIQPEEHHYHQQQNTLIANILFRLLTDHGYLLTDRLHPAHFPGVSRQYLPWMQATLTFLTAQGLLQQTATGLQVAAAATAVADIETLWSQWQQAQAGFAADKQPYGALIADCLKALPDILSGQIRATDVMFPDGSMERVKTLYQGNRVADLFNRILADTLYQAISSRLAADPDATFRILEVGAGTGGTTAMVLKVLKPLHGAIAEYLYTDLSRSFLLHAQSHYQPEHPFLRTALFDAGQALADQQIPAQHFDFVIAANVLHATANIHQTLLNVKATLRNDGQLLLNELSNRTLWGHVTFGLLEGWWCAEDTSVRIPGSPALTPEGWATALDKAGFGGVQFPQHQAHTLGQQIVVAVRQPLVQSLPVSPVADLQPATVGYLKQLLSKVLKMPVSELDAEEPMQSYGIDSILINQINARLREQFGDIRSTLLFEKKTIAELADYFVTHEAQQLRKVLGHHTDKPAALRITATDDASLSAPAPAPAPTPAPAPAPGLAEPIAVIGISGRYADAEDLSQFWDNLQQGKNCVTDIPARRWSWQDVYQPDPQLAVEQGKSYCRSGSFVGGFDEFDPLFFNLSPHDALAMDPQERLFLQTAWAVLEDAAHTRAMLAEHYAGQVGVFVGVTRTGFDLYGPELRRQGVPFYPRTSFSSMANRLSYFLNIHGPSLPIDTMCSSSLTAVHEACEHLRHGSCRLAIAGGVNLFLHPSAYVELSASGMLSRDGSCKSFAAGANGFVPGEGVGAVLLKPLSAAQADGDNIRALIRSTHVNHDGKTNGYTVPNPNAQTSLIRAALDKAGLKASDISYIEAHGTGTELGDPIEVTGLTLAFSQDTCDTGFCALGSVKSNIGHLEAAAGIAGLSKVILQLQHGKLVPSLHASTLNPNISLSKTPFYLQQSLSDWHPGASGTRMAGVSSFGAGGANAHVIVEEYIPSESESRDIRQPAILLLSARTETALRARAEALLSHLTSQPVELHDLAWTLQSGREAMEQRLAFVADSVADVIARLTAWLKGDETHVLRGRVSANKETVRAMQNDSALQTLWQDRHDRPALETVLGYWIQGAEPDWSQLYQQRLPARLALPTYPFAAESYWLDHPMLTPAGSETTRLRHSLLQENISDFSEQRYRSELSMETLQAMGLDAVDTQAVPALLHVQIAILAARHAMADAGSYPLTVRQLAWSDPVSLQQPVSLHTGMVLKGKGIAFETYGVTGETGSRTVYCQGEIETHTGLNATPVDIEGLRTRLAAVPTALMPASIEACYGDAVSGAHDAATTVLLKLAATRESSAFLFPPTVAESALQLLGKRADQIHRLQSLSLMTTDLQISWVLVRLQADNPALVDLDFCDDHGHVCVRLQGLQSLEQRPSSVPNGASTLMMCQPCWQPTPLAEPASPVVWSRHVILVAAMDDTIVKPIREQLPQAECHSLSLPQQGDMGSRFSACAVQVFEHIKSILMARPHGQQLLQILIPSTAEQVVLRGLAGLLKTAELENPHLIGQLIEWPVDQSSEPLTQIVIDHRNAGGSGHIRYHDDQRLGAVLREQPSMVAHIPWRDNGVYLITGGAGGLGAIFAREIAARTRHARLILTGRRGLDAECQQLLDEITAAGIKAEYRSCDVVDRQAVEHLIADIVERYGQLNGILHGAGLIHDNYILKKQSPEFAAVLAPKVAGLVNLDLASQHLPLDFFVLFSSLSGVMGNSGQSDYAAANAFMDAYADYRNQLHASGARHGKTCSISWSLWQEGGMRISADLLQDSGMKAMKTDEGLQAFYRILNLNQSHMLVLDGERSVLESVLVSEES,mibig,Gynuella sunshinyii YC6258 ,Polyketide:unknown,DAC80073.1
BGC0001851,BGC0001851|c1|35835-36644|+|IO28_RS0104885|putative_O-methyltransferase|WP_031147044.1,MPNPWDLPDELPTDLPVSRCELPDGRVLSAVQEAEAHTLWEEISSAAPYRKAAEGLRPGEAVIDVGAHIGLASLLFGGLAPESRVLAFEPAPKAYTCLEDNLARLLPGATAFRQALGAASGTSELTYRPYVASASTLYDDAEDDARNLEAHLDNIGADERTREVVRRTFNVSQRVTVEVTTLASVMAEHDVDRVGLLKIDVERGELDVLDGIDPACWPRIRRVLLEVHDIDGRLGRVVSRLSGLGFHATVSQWGVYVGGSVHLVLAERD,mibig,Streptomyces erythrochromogenes ,Saccharide:unknown,IO28_RS0104885
BGC0001852,BGC0001852|c1|35990-36799|+|IH80_RS0102840|putative_O-methyltransferase|WP_030957379.1,MPNPWDLPDELPTDVPVSRCALPDGRVLSAVQEAEAHTLWEEISSAAPYRKAAEGLRPDEAVIDVGAHIGLASLLFGELAPESRLLAFEPAPKAYTCLEDNLARHLPGATAFRQALGAVPGTSELTYRPYVASASTLYDDAEDDARNLEAHLDNIGADEQTREVVRRTFNVTQRVTVEVTTLAAVMAEHAVDRVGLLKIDVERGELDVLDGIDPACWPRIRRVLLEVHDIDGRLGRVVSRLAGLGFHATVSQWGVYVGGSVHLVLAERD,mibig,Streptomyces sp. NRRL S-378 ,Saccharide:unknown,IH80_RS0102840
BGC0001902,BGC0001902|c1|24170-29350|+|AJY78093.1|polyketide_synthase|AJY78093.1,MNQENNRAERDSAPASTDIAVIGIAGRFPGARDVQAFWNNLRSGVESIRFFSEEELLGQGVPAELLRNPNYVRAKGILSDVDCFDAGFFGISPAEARLMDPQQRLLIECAWEVLEDAGYAPGQLQERVGMHVGVGSNRYASEHVWPSLKGEHWLEHVEAAIGNEKDTAATRIAYLLDMKGPCFTVQTFCSSSLVAVHQAVSSLLNQECDIALAGGAYVEVPHVVGYLHREGSFTSPDGHCRAFDAGAAGTPFGSAVALVALKRLEDALEDNDAIYGVIKGSAINNDGSQRAGYAAPSADGQAQVISEALGMAGAEPESISYVEAHGTGTSLGDPIEISALTRALSRGGRPHPGCLLGSVKTNIGHTDRASGVVSLIKVLQALAHGEIPPTLHFSKPNPAIDFGPFEVPTRLREWPRRDTPRRAGVSSFGLGGTNAHVIVEEAPLQPARTGVRSPQLVLLSARTPQALDEMAEALARRLRRQPQALADVAFTLQVGRRGFEHALGVIGTSPEEVAQALEERRPSFRGPRLQEPPALAFLFPGEAPQQTETSGALCERWPTFRETVERGAAFLQRELGWDVRHASRTLPRAHAALFLAEYALAQQWAAWGIRPERVVGVGLGELVAACVAGVLGLEDALRLTVRRAELLQASAGPQAPGAASVQEGLRGMLQQTPLRAPTSPLHSATTGDLISTAETQSPEFWARRLGAPAAHHVRFEPPSRPQRTVLLNVAPEPALTRIQLQAPPQVSVVNPLPEAEGPEQAVNHILLAAGALWMAGAELDWKTLHAPQRPRRAHLPTYPFARERHWVEAPDQGARPRGGLAPGEALEKSKEPAGWLYVPTWRRALPLPSPKRTPMRQRWLVLADTQGLGSELTEVLLGLGQLVYEVRAGPRNEAISPYTFQLDPSSTDGFKALSEWLEQPVDHLFHLWPFDLGEGVTHERRLRLGLESVFGLVQALGQKWPTAPTALRVVAPHAFDVTGGVAPIPEAAALAGPCKVISLEYPTWTSQLVDLEPSTDRGQLAQAARWLVREALGASGDDVVAYRSGVRWLRAYEPLPSTHLDAAEQGFREHGTYVITGGLGGVGLALAERLARHFRARLVLLGRTGLSAPHAQSLAERIRGMEAAGAEVLVIAADVAEPSSLRTALQQAQERFGSIQGVLHAAAVLRDGPIQLKHMEAMHEVLRPKLDGARTLLTAASDFKMEFVILFSSLAAVLGNVGQADYAAANAALDALAHGHVQDRPRVLSINWDAWLEVGAAHALRASAAPQARGPLAWLLDEGLTVEEGWEVLQMALRAGPCPQLVVSTRHLGRLAEKMRQALREEAHEKRTDALPEVSRERLTTRHVAPRNDTERLIAQAWTRHLGLRGIGVYDRFVDLGGHSLIAIRVLAELKNHFGVDLPLGAIFRAPTIAELAEAIEQALLDEVGALSEEEASRLAAEAGAAQEHVVKLPNQLEVSCDQPAEIEQFYEDIFVDRAYLRHGITLVPGDVVFDVGAHVGMFTLFTQRYTHGVEVYSFEPAPRSFEHLSRNTAWCGPSVRRLNFGLSDRRKQAELTFYRGTAGLSSVYGDPTEERDILRQVILNEAHRRGEDLALLSDRMEELLDQRLAAERVPCQFEMLSSVVRSQGLQHINLMKIDVQKSEMDVLMGIEEQDWPRIEQIVAEVHDTGDRVQQMHELLRTRGFQVASEQEPLYRGSKLYLLYAVRPERQARLEASLRGGSARPAGGTP,mibig,Myxococcus virescens ,Polyketide:unknown,AJY78093.1
BGC0001963,BGC0001963|c1|29890-30696|-|AZF85925.1|O-methyltransferase|AZF85925.1,MTIDELQAVHRIDLPDGRTIACTNPQDAQIWPGLLEDSPYDDGLAALGAGDLVLDVGAHIGLTALYFTDRVPGVGVIAFEPAPETYACLADNAGRLMPGVKVLNLAVGAEAGTAELTFYPRHTMMATLVVDEADDTANMSAVLTNFGLDEGIRDQVLTEFRDGEQRHRVPVVALGDILDEYGVEEVGLLKIDVERGELAVLRGIRDDQWSRIRQVVAEVHAIDDNLDEVVAVLRKQGFDTDVRQEAVFVGGSVHVVFAARPGAAGGEE,mibig,Catenulispora sp. ,Polyketide:unknown,AZF85925.1
BGC0002011,BGC0002011|c1|17590-18447|+|AMYAL_RS47350|FkbM_family_methyltransferase|WP_084702269.1,MNTYWNNSLSVPIHTGYDEFLRLTEGFENAMFSDHAIGDDLVVMASKTDHPESVWSEVVESRAYSKGISNLAPGSVLVDVGAHIGLVSLHFARTVPDARIYAFEPASASFRCLKENCSRYAPGAHVANFAIGSANGEARLTYYPHRSTMSTLYVDDEEDRHNVRILFDQVDPSPEFRKAFWDRFDRGVRQETVPMTTLTDALSGADIDEISFLKIDVERAELEVLNGLAEDHWAKVRRMAIEVHDRNGRLAEISELLNRHGYRVEQFREKYFSGTDIHMVYADRD,mibig,Amycolatopsis alba DSM 44262 ,Polyketide:unknown,AMYAL_RS47350